,gre_score,gre_score_quant,gre_score_verbal,test_score_toefl,undergraduation_score,work_ex,papers_published,status,SOP,LOR 
0,316,164,152,99,3.12,12,0,reject,4.5,4.5
1,316,164,152,99,3.12,12,0,reject,4,4.5
2,316,160,156,114,2.97,0,0,reject,3,3.5
3,317,168,149,106,2.83,15,0,reject,3.5,2.5
4,317,161,156,106,2.01,0,0,reject,2,3
5,299,151,148,101,3,35,0,reject,4.5,3
6,325,168,157,105,2.95,28,0,reject,3,4
7,314,164,150,103,3.2,3,1,reject,3,4
8,326,165,161,109,2.59,1,3,reject,2,1.5
9,328,169,159,106,2.84,30,0,reject,3.5,3
10,322,163,159,106,2.71,2,2,reject,3.5,4
11,300,160,140,99,2.71,24,3,reject,4,4.5
12,312,162,150,102,2.52,30,3,reject,4,4.5
13,316,159,157,104,1.89,43,0,reject,4,3
14,322,162,160,114,2.76,16,2,reject,3.5,2
15,316,164,152,99,3.12,12,0,reject,3.5,2.5
16,316,164,152,99,3.12,12,0,reject,4,3
17,316,160,156,114,2.97,0,0,reject,4,3
18,317,168,149,106,2.83,15,0,reject,4,3
19,317,161,156,106,2.01,0,0,reject,3.5,3
20,299,151,148,101,3,35,0,reject,3,2
21,325,168,157,105,2.95,28,0,reject,3,2
22,314,164,150,103,3.2,3,1,reject,5,5
23,326,165,161,109,2.59,1,3,reject,5,4.5
24,328,169,159,106,2.84,30,0,reject,4,3.5
25,322,163,159,106,2.71,2,2,reject,4.5,4.5
26,300,160,140,99,2.71,24,3,reject,4.5,3.5
27,312,162,150,102,2.52,30,3,reject,1.5,2.5
28,316,159,157,104,1.89,43,0,reject,2,2
29,322,162,160,114,2.76,16,2,reject,1.5,2
30,307,166,141,80,3.4,60,2,reject,3,3
31,330,168,162,113,2.98,34,2,reject,4,4
32,313,162,151,92,3.31,1,3,reject,3,4.5
33,313,162,151,92,3.31,1,3,reject,4,4
34,312,157,155,94,3.34,12,2,reject,4,5
35,321,164,157,110,1.21,4,3,reject,5,5
36,287,149,138,83,2.73,25,0,reject,4,4
37,315,158,157,113,2.38,17,2,reject,1,2
38,310,161,149,102,2.79,31,3,reject,3,1.5
39,312,164,148,101,3,30,0,reject,4,3.5
40,321,169,152,105,2.47,6,3,reject,3.5,3
41,327,169,158,106,2.84,41,0,reject,2.5,2.5
42,311,163,148,101,3.4,10,0,reject,2.5,2
43,304,153,151,104,2.85,24,0,reject,4.5,4
44,309,163,146,96,3.48,12,0,reject,4.5,4
45,300,157,143,99,3.3,30,0,reject,5,4
46,324,167,157,101,2.56,82,3,reject,4,5
47,312,157,155,110,2.86,25,3,reject,4.5,4
48,309,168,141,103,3.48,2,0,reject,3.5,5
49,310,158,152,97,2.26,57,0,reject,3,4
50,311,162,149,99,2.95,0,3,reject,2.5,4.5
51,315,165,150,97,3.53,24,0,reject,1.5,3.5
52,303,156,147,100,2.76,53,2,reject,4,3
53,307,157,150,93,3.05,25,0,reject,4,2.5
54,313,166,147,106,3.28,1,3,reject,3,3.5
55,322,170,152,101,2.81,25,3,reject,3,3
56,309,168,141,98,3.16,9,0,reject,2,3
57,308,159,149,95,3.36,14,0,reject,4,2
58,304,160,144,95,3.52,0,0,reject,3,2
59,311,166,145,97,3.35,0,0,reject,2,2
60,310,161,149,95,3.16,0,0,reject,3,3
61,311,159,152,93,2.94,15,0,reject,4,3
62,304,161,143,94,3.55,46,0,reject,3,3
63,310,158,152,103,2.08,60,0,reject,4,3
64,302,159,143,92,3.28,0,0,reject,3,3.5
65,305,145,160,101,1.95,50,2,reject,3.5,3.5
66,307,163,144,65,2.4,40,0,reject,3,3
67,317,170,147,96,3.16,31,0,reject,3.5,3.5
68,302,160,142,86,2.56,60,0,reject,3.5,4
69,308,161,147,96,3.52,24,0,reject,4.5,4
70,306,160,146,94,3.34,18,3,reject,5,5
71,305,163,142,91,2.6,45,0,reject,5,5
72,312,165,147,91,2.6,60,0,reject,5,5
73,305,155,150,94,2.59,19,0,reject,4.5,4
74,310,157,153,96,2.92,13,3,reject,3,5
75,313,164,149,90,3.28,15,1,reject,2,4
76,313,162,151,95,3.2,0,0,reject,3,3
77,314,163,151,95,2.51,60,0,reject,3,2
78,312,161,151,96,2.75,18,0,reject,3,2
79,308,164,144,90,3.37,0,0,reject,1.5,2
80,307,158,149,114,2.63,34,0,reject,2,3
81,319,170,149,86,3.68,13,0,reject,5,5
82,319,170,149,86,3.68,13,0,reject,5,4.5
83,314,166,148,89,2.67,13,2,reject,4,4.5
84,308,165,143,96,2.2,92,0,reject,4.5,4.5
85,310,160,150,93,3.6,1,0,reject,4.5,3.5
86,317,161,156,75,3.12,0,0,reject,4.5,3.5
87,312,167,145,100,2.8,21,0,reject,3.5,3
88,320,161,159,75,2.44,1,0,reject,4.5,3.5
89,305,161,144,98,2.78,2,0,reject,4.5,3.5
90,316,164,152,107,3.44,3,0,reject,4,4
91,319,169,150,105,3.3,0,0,reject,5,3.5
92,292,155,137,65,2.68,5,1,reject,4,3
93,315,166,149,99,3.08,12,0,reject,3,3
94,311,165,146,95,3.52,0,0,reject,2,2.5
95,312,160,152,109,3.4,7,0,reject,1.5,2.5
96,293,157,136,87,2,15,0,reject,3,3
97,318,164,154,108,2.4,46,0,reject,4,4
98,318,164,154,108,2.4,46,0,reject,5,4.5
99,319,170,149,108,2.64,42,0,reject,4,4
100,306,159,147,97,3.32,24,3,reject,3.5,3.5
101,303,160,143,89,3,0,0,reject,2.5,3
102,309,158,151,0,2.48,60,0,reject,4,3.5
103,303,160,143,101,2.1,0,0,reject,4.5,4
104,320,160,160,82,3.45,10,0,reject,3.5,3
105,302,153,149,91,2.56,110,0,reject,4,4.5
106,313,164,149,96,2.46,7,0,reject,4.5,4.5
107,303,159,144,92,3.15,26,0,reject,3.5,4.5
108,322,169,153,113,2.89,2,0,reject,5,5
109,305,158,147,82,2.97,25,3,reject,5,4
110,305,159,146,101,3.45,37,0,reject,3,3
111,302,158,144,92,2.85,48,0,reject,4,4
112,329,168,161,113,3.06,40,0,reject,3.5,3.5
113,308,155,153,114,2.9,1,3,reject,4,3.5
114,308,157,151,101,3.18,0,1,reject,3.5,3
115,308,157,151,101,3.18,0,1,reject,4.5,4.5
116,325,167,158,109,3.06,0,0,reject,4,3.5
117,319,162,157,112,1.9,60,0,reject,2,2.5
118,319,164,155,115,1.43,0,0,reject,3,3.5
119,321,164,157,106,3.21,14,0,reject,3,3.5
120,293,156,137,79,2,63,0,reject,5,5
121,313,163,150,116,2.99,2,0,reject,4.5,4.5
122,309,167,142,96,2.47,0,0,reject,1.5,2.5
123,308,165,143,101,3.57,24,2,reject,3.5,3.5
124,318,166,152,75,3.27,0,0,reject,2.5,3
125,302,154,148,101,3,2,0,reject,2,3
126,317,165,152,101,2.35,18,3,reject,4,3
127,312,163,149,87,2.81,30,1,reject,2.5,2
128,318,166,152,0,3.35,28,0,reject,3.5,3
129,322,165,157,110,2.4,30,0,reject,5,5
130,306,157,149,0,2.1,11,3,reject,4,4.5
131,324,167,157,110,3.37,15,0,reject,5,4.5
132,316,166,150,96,2.52,34,0,reject,3.5,3.5
133,304,157,147,94,3.28,0,0,reject,4,4.5
134,319,170,149,0,2.54,8,0,reject,4,4
135,311,161,150,100,2.65,31,0,reject,3.5,4
136,320,163,157,114,2.92,0,0,reject,5,4
137,315,164,151,0,2.3,30,0,reject,1.5,3
138,319,164,155,114,3.23,60,0,reject,4.5,3
139,311,162,149,114,2.71,18,0,reject,3.5,3.5
140,303,158,145,99,3.86,12,0,reject,4,3
141,314,162,152,106,3.36,6,0,reject,4.5,3.5
142,319,166,153,91,3.14,0,3,reject,4,3.5
143,317,166,151,105,3.23,8,0,reject,4.5,4
144,318,165,153,95,3.14,30,0,reject,3,3.5
145,307,160,147,95,2.25,60,0,reject,2,2.5
146,311,163,148,101,3.68,24,3,reject,2,2.5
147,312,166,146,99,2.6,27,0,reject,3,3
148,303,142,161,101,3.7,19,0,reject,4,3.5
149,313,160,153,0,3.36,0,0,reject,3.5,3
150,313,163,150,0,3.08,0,0,reject,4,4
151,314,162,152,105,2.9,2,0,reject,5,5
152,288,153,135,79,2.94,19,3,reject,5,5
153,303,157,146,101,3.1,23,0,reject,3,4
154,312,166,146,93,3.31,55,0,reject,3,3.5
155,319,165,154,110,3.88,1,3,reject,3,3
156,313,169,144,100,2.96,3,0,reject,2,2.5
157,317,169,148,96,2.98,24,3,reject,2,2.5
158,313,162,151,102,3.12,1,0,reject,2,2.5
159,308,160,148,0,2.84,1,0,reject,1.5,2
160,310,163,147,0,3.24,14,3,reject,1.5,2
161,315,166,149,98,3.36,1,3,reject,1.5,3
162,322,165,157,111,2.15,20,0,reject,3,3
163,312,164,148,97,3.65,27,3,reject,3.5,3
164,310,160,150,97,3.51,41,0,reject,4.5,4
165,322,161,161,109,2.9,7,1,reject,4.5,4
166,312,147,165,106,2.75,15,3,reject,3.5,5
167,312,147,165,106,2.75,15,3,reject,2,3
168,320,164,156,0,2.55,51,0,reject,2,4
169,313,165,148,75,3.09,0,0,reject,2.5,3
170,316,163,153,110,3.56,23,0,reject,2.5,3.5
171,300,156,144,93,3.62,24,0,reject,4,4.5
172,321,167,154,113,2.1,24,0,reject,4,5
173,323,163,160,110,2.96,0,0,reject,4,4.5
174,301,153,148,95,1.82,12,3,reject,4,4
175,313,163,150,96,3.44,28,0,reject,4.5,3.5
176,310,165,145,104,2.96,5,0,reject,4.5,4.5
177,303,158,145,101,3.62,0,3,reject,3.5,3.5
178,311,161,150,101,3.36,0,0,reject,2.5,3
179,304,156,148,102,3.05,42,0,reject,3,3
180,323,156,167,107,3.02,36,0,reject,3.5,3
181,308,160,148,103,3.42,24,0,reject,2.5,2.5
182,308,160,148,103,3.42,24,0,reject,3,3.5
183,307,162,145,105,2.13,4,3,reject,4,4
184,304,160,144,99,3.6,0,0,reject,2.5,4
185,315,164,151,108,3.17,8,0,reject,4.5,4.5
186,315,161,154,112,2.36,12,3,reject,3.5,3
187,313,161,152,110,3.05,4,0,reject,4.5,3.5
188,318,167,151,104,3.12,13,0,reject,4.5,3.5
189,308,156,152,0,2.77,28,0,reject,5,5
190,306,154,152,109,3.41,0,0,reject,4.5,4
191,314,161,153,100,2.2,0,0,reject,4,5
192,319,164,155,112,2.6,5,0,reject,4.5,4
193,310,158,152,96,2.54,1,3,reject,4.5,5
194,304,160,144,99,3.1,2,0,reject,3.5,3
195,310,161,149,0,3.52,0,0,reject,3,3.5
196,320,167,153,0,3.04,1,2,reject,3,2.5
197,312,163,149,107,3.42,30,0,reject,3.5,2.5
198,318,163,155,110,3.33,51,0,reject,4.5,4.5
199,313,161,152,0,2.53,17,0,reject,4,4.5
200,310,159,151,103,3.31,15,3,reject,2.5,3
201,314,161,153,0,2.83,17,3,reject,3.5,3
202,310,158,152,96,2.25,33,0,reject,4.5,4.5
203,316,168,148,98,3.04,16,2,reject,4,5
204,319,169,150,101,3.03,8,0,reject,3.5,4
205,320,162,158,0,2.8,31,0,reject,2.5,3
206,309,160,149,106,3.15,26,0,reject,3.5,3
207,319,166,153,97,3.42,21,0,reject,3.5,4
208,315,163,152,103,3.24,40,3,reject,3,3
209,303,158,145,94,2.6,35,0,reject,3.5,4
210,318,168,150,107,3.27,1,0,reject,4.5,4
211,305,155,150,114,2.98,0,0,reject,5,4
212,317,168,149,102,2.98,3,0,reject,5,5
213,325,170,155,105,3.3,24,0,reject,5,4.5
214,307,160,147,75,3.48,11,0,reject,4.5,5
215,314,163,151,104,3.31,0,1,reject,5,4.5
216,307,161,146,112,3.53,36,3,reject,4.5,4.5
217,315,160,155,75,3.33,42,0,reject,4,4
218,303,154,149,104,3.17,5,0,reject,3,3.5
219,314,164,150,92,2.6,18,0,reject,3.5,3.5
220,313,165,148,0,2.58,10,2,reject,4,4
221,314,164,150,105,3.31,1,3,reject,3.5,4
222,310,163,147,0,3.24,14,3,reject,4.5,4
223,315,166,149,98,3.36,1,3,reject,3,4
224,314,163,151,114,2.27,18,0,reject,3,2
225,312,164,148,97,3.65,27,3,reject,2.5,2.5
226,310,160,150,97,3.51,41,0,reject,3.5,4
227,306,157,149,107,2.61,11,0,reject,3.5,3
228,312,147,165,106,2.75,15,3,reject,4,3.5
229,312,147,165,106,2.75,15,3,reject,3,3
230,320,164,156,0,2.55,51,0,reject,4,4.5
231,304,156,148,104,2.7,25,0,reject,3.5,2.5
232,316,163,153,110,3.56,23,0,reject,2.5,3.5
233,300,156,144,93,3.62,24,0,reject,2.5,3.5
234,321,167,154,113,2.1,24,0,reject,5,4
235,301,153,148,95,1.82,12,3,reject,4.5,4
236,313,163,150,96,3.44,28,0,reject,4,4.5
237,311,161,150,111,2.69,24,0,reject,4.5,5
238,303,158,145,101,3.62,0,3,reject,2,3.5
239,311,161,150,101,3.36,0,0,reject,1.5,2
240,306,157,149,102,2.1,0,3,reject,2.5,3
241,323,156,167,107,3.02,36,0,reject,2.5,2
242,308,160,148,103,3.42,24,0,reject,3.5,3
243,308,160,148,103,3.42,24,0,reject,3.5,3
244,311,162,149,104,2.45,0,0,reject,2.5,4
245,304,160,144,99,3.6,0,0,reject,4,2.5
246,315,164,151,108,3.17,8,0,reject,3,3.5
247,315,161,154,112,2.36,12,3,reject,2.5,3.5
248,314,166,148,103,2.85,18,3,reject,3.5,4
249,318,167,151,104,3.12,13,0,reject,3.5,4
250,308,156,152,0,2.77,28,0,reject,3,2.5
251,306,154,152,109,3.41,0,0,reject,2.5,3
252,322,167,155,107,2.86,27,3,reject,2.5,3.5
253,319,164,155,112,2.6,5,0,reject,4.5,4.5
254,310,158,152,96,2.54,1,3,reject,4,5
255,304,160,144,99,3.1,2,0,reject,4,4.5
256,312,160,152,0,3.06,0,3,reject,4,4
257,320,167,153,0,3.04,1,2,reject,4,5
258,312,163,149,107,3.42,30,0,reject,5,5
259,312,163,149,107,3.42,30,0,reject,5,4.5
260,313,161,152,0,2.53,17,0,reject,5,3.5
261,310,159,151,103,3.31,15,3,reject,3.5,4
262,314,161,153,0,2.83,17,3,reject,2.5,4
263,305,158,147,0,2.8,3,0,reject,2.5,1.5
264,316,168,148,98,3.04,16,2,reject,3,2.5
265,319,169,150,101,3.03,8,0,reject,2.5,2.5
266,320,162,158,0,2.8,31,0,reject,2,2.5
267,308,161,147,65,3.23,29,0,reject,3,3.5
268,319,166,153,97,3.42,21,0,reject,4.5,5
269,315,163,152,103,3.24,40,3,reject,4.5,5
270,303,158,145,94,2.6,35,0,reject,2.5,3
271,302,152,150,0,3.56,2,0,reject,1.5,2
272,305,155,150,114,2.98,0,0,reject,1.5,1.5
273,317,168,149,102,2.98,3,0,reject,1,1.5
274,325,170,155,105,3.3,24,0,reject,2,2.5
275,319,168,151,107,2,0,0,reject,3.5,3
276,329,167,162,106,2.15,36,0,reject,5,4.5
277,311,162,149,0,2.76,29,0,reject,2.5,3
278,308,164,144,100,3.28,1,3,reject,3,3.5
279,316,160,156,102,2.39,1,0,reject,3,4
280,310,162,148,95,3.12,53,0,reject,4.5,4
281,312,157,155,98,2.6,27,2,reject,4,4.5
282,310,160,150,101,3.26,0,0,reject,4,3.5
283,310,165,145,65,2.81,16,0,reject,2.5,3
284,319,167,152,110,2.4,18,0,reject,5,4.5
285,320,164,156,112,2.33,15,3,reject,4,4
286,304,160,144,102,2.71,0,0,reject,4.5,4
287,307,158,149,106,3.4,4,3,reject,5,4.5
288,312,162,150,113,3.74,4,3,reject,5,5
289,319,167,152,100,3.33,51,0,reject,4,3.5
290,323,168,155,104,3.48,7,3,reject,2.5,3
291,320,168,152,106,2.92,17,0,reject,1.5,2
292,312,163,149,114,3.21,3,0,reject,1,2
293,310,157,153,99,2.55,21,0,reject,3.5,3
294,314,158,156,111,3.33,23,0,reject,2.5,2
295,316,170,146,98,2.8,30,0,reject,3,2.5
296,303,153,150,75,2.22,36,0,reject,3.5,3.5
297,312,162,150,102,3.2,18,0,reject,4,4.5
298,315,166,149,108,3.13,15,3,reject,4.5,4.5
299,304,152,152,106,3.26,28,0,reject,3,3.5
300,317,160,157,0,2.85,5,0,reject,2.5,2.5
301,319,161,158,111,2.96,6,0,reject,2.5,3
302,311,168,143,102,3.44,0,0,reject,3,3
303,310,166,144,114,2.42,0,0,reject,3.5,3.5
304,317,162,155,0,3.2,34,0,reject,2.5,2
305,319,164,155,114,2.37,0,0,reject,3.5,3.5
306,313,163,150,75,3.28,20,0,reject,4,3.5
307,317,164,153,107,3.36,18,0,reject,4,4
308,306,164,142,107,3.5,4,3,reject,3.5,3
309,316,167,149,100,2.9,6,0,reject,3.5,3
310,324,167,157,109,3.63,20,0,reject,3,3.5
311,323,167,156,0,3.54,6,3,reject,4.5,4
312,306,162,144,0,3.24,8,3,reject,4.5,4.5
313,302,155,147,98,3.2,29,1,reject,3.5,3
314,326,165,161,118,2.35,0,0,reject,3,4
315,304,158,146,75,3,0,0,reject,2.5,3
316,303,160,143,98,2.92,30,0,reject,1.5,2
317,309,161,148,106,3.09,0,0,reject,1,2.5
318,298,157,141,90,2.5,28,0,reject,2.5,2
319,299,159,140,0,2.81,1,0,reject,3.5,3
320,317,160,157,108,3.36,29,0,reject,4,3.5
321,318,167,151,101,2.6,36,0,reject,4,4
322,306,156,150,75,3.38,1,0,reject,2.5,4
323,306,156,150,75,3.38,1,0,reject,2,2.5
324,309,160,149,90,1.81,50,0,reject,3,2.5
325,313,163,150,96,3.45,0,0,reject,3.5,4
326,312,160,152,0,2.45,13,0,reject,2,2
327,317,163,154,111,2.82,24,3,reject,2.5,2
328,304,160,144,87,2.25,40,0,reject,4,3.5
329,322,168,154,104,3.36,50,0,reject,2.5,1.5
330,312,161,151,97,3.45,0,0,reject,3.5,3
331,308,159,149,93,1.96,33,3,reject,3,2
332,320,163,157,101,2.5,27,3,reject,3.5,2.5
333,310,164,146,102,2.62,28,0,reject,3,3.5
334,325,165,160,114,2.66,33,0,reject,4.5,4
335,330,165,165,118,3.56,7,0,reject,4,4.5
336,309,159,150,104,3.14,17,0,reject,3,2.5
337,305,155,150,101,2.65,24,2,reject,5,5
338,291,152,139,101,2.45,7,0,reject,4,4
339,291,152,139,101,2.45,7,0,reject,3.5,4
340,312,150,162,0,3.44,0,0,reject,3,3
341,310,160,150,103,3.42,36,0,reject,3.5,3.5
342,317,167,150,99,3.3,30,0,reject,3,3
343,315,169,146,98,3.15,24,0,reject,2.5,3.5
344,308,160,148,98,2.42,6,3,reject,1.5,2
345,322,170,152,107,3.56,39,0,reject,1.5,2
346,313,163,150,0,2.94,23,3,reject,1.5,2
347,308,163,145,0,2.87,0,0,reject,1,1
348,310,161,149,90,2.65,48,0,reject,2,2
349,304,162,142,95,2.4,3,3,reject,2.5,3
350,306,158,148,0,3.84,30,0,reject,3,3.5
351,310,163,147,101,3.06,14,3,reject,3.5,4
352,316,165,151,112,3.09,1,1,reject,3,3.5
353,306,159,147,96,2.61,44,0,reject,3.5,2.5
354,309,160,149,93,2.85,2,3,reject,2.5,3
355,309,160,149,93,2.85,2,3,reject,2,3.5
356,320,170,150,104,3.42,9,0,reject,3.5,4
357,303,162,141,101,3.27,12,0,reject,3.5,3.5
358,307,164,143,101,3.24,34,0,reject,2.5,2
359,305,160,145,104,3.31,20,0,reject,2,1.5
360,313,162,151,97,3.12,28,0,reject,4,5
361,324,165,159,110,2.6,12,0,reject,4,3.5
362,307,160,147,111,2.8,0,0,reject,4.5,5
363,307,156,151,102,2.8,0,0,reject,2.5,3
364,324,169,155,112,3.1,14,0,reject,3.5,4
365,312,167,145,0,3.12,33,0,reject,4.5,3
366,312,162,150,0,3.45,1,3,reject,3.5,4.5
367,306,161,145,75,2.89,18,3,reject,1,2.5
368,327,168,159,115,2.8,15,0,reject,2,2
369,319,167,152,107,3.44,0,0,reject,2,3
370,326,167,159,0,2,36,0,reject,2.5,2.5
371,311,160,151,108,3.18,50,0,reject,3.5,3
372,316,163,153,104,3.04,21,0,reject,4.5,4
373,304,159,145,96,2.52,20,0,reject,3,3
374,318,165,153,116,2.23,25,0,reject,2,2.5
375,312,161,151,109,3.21,18,0,reject,2,2.5
376,317,165,152,105,3.08,1,0,reject,2.5,2
377,319,164,155,109,2.88,4,0,reject,1.5,2
378,322,167,155,101,2.69,26,3,reject,2,2.5
379,308,160,148,101,2.85,0,3,reject,2.5,3
380,311,156,155,98,2.76,12,0,reject,3.5,4
381,313,167,146,93,3.52,30,0,reject,3,3.5
382,316,166,150,99,2.4,0,0,reject,4.5,4
383,311,162,149,96,3.33,2,1,reject,3,3.5
384,307,157,150,0,3.23,8,0,reject,5,5
385,322,169,153,111,3.15,41,0,reject,5,5
386,313,161,152,106,3.1,0,3,reject,2.5,3.5
387,323,166,157,0,3.23,25,3,reject,2,3.5
388,318,162,156,0,3.8,0,0,reject,1.5,2
389,304,160,144,100,3.12,1,0,reject,3.5,4
390,316,163,153,96,2.86,4,0,reject,2,2.5
391,315,168,147,104,2.96,15,3,reject,2,3
392,317,159,158,99,3.31,38,0,reject,4,3.5
393,307,161,146,101,3.32,20,0,reject,3,3
394,318,158,160,111,2.05,12,3,reject,4.5,4
395,307,161,146,101,3.17,2,3,reject,3.5,3.5
396,312,167,145,101,3.42,0,0,reject,3,3.5
397,313,162,151,98,3.16,15,3,reject,5,4.5
398,314,162,152,91,2.82,15,0,reject,3.5,4
399,300,155,145,103,3.1,2,0,reject,5,4
400,313,170,143,65,2.63,9,0,reject,3.5,3
401,314,162,152,111,3.11,1,0,reject,3,3
402,305,155,150,101,3.36,24,3,reject,3.5,3
403,307,159,148,93,2.98,15,3,reject,4,3.5
404,311,162,149,105,2.45,0,0,reject,2,2.5
405,311,162,149,105,2.45,0,0,reject,2.5,3
406,326,170,156,111,3.47,20,0,reject,3,2.5
407,325,166,159,111,2.7,30,0,reject,2.5,4
408,319,162,157,104,3.3,18,0,reject,2,4
409,307,158,149,107,2.92,12,0,reject,2,2.5
410,309,158,151,109,3.08,23,3,reject,3,4
411,312,167,145,85,3.3,30,0,reject,2.5,1.5
412,309,159,150,99,3.2,42,0,reject,2.5,2
413,308,159,149,101,2.69,0,0,reject,3,2
414,320,169,151,106,3.01,25,0,reject,3.5,4
415,323,165,158,109,2.88,2,0,reject,4,4.5
416,307,166,141,101,3.62,22,3,reject,4,2.5
417,312,163,149,103,3.4,13,0,reject,3.5,2
418,306,161,145,100,3.26,0,3,reject,2.5,4
419,318,167,151,103,2.84,10,3,reject,2,3.5
420,310,160,150,0,3.51,4,0,reject,2,3
421,312,161,151,104,2.5,2,1,reject,3,4.5
422,306,157,149,95,3.12,42,0,reject,3.5,2.5
423,309,163,146,100,3.5,15,0,reject,4.5,5
424,307,160,147,101,3.48,19,0,reject,4,5
425,311,162,149,0,2.25,29,0,reject,4,5
426,307,164,143,93,3.21,22,3,reject,3,5
427,316,162,154,96,2.82,24,0,reject,3.5,5
428,307,158,149,105,2.72,10,3,reject,2,4.5
429,324,169,155,112,3.16,15,3,reject,5,4.5
430,308,163,145,83,3.36,2,0,reject,4,3.5
431,307,159,148,75,3.44,0,3,reject,3.5,3.5
432,307,161,146,101,2.1,33,0,reject,4.5,4
433,310,155,155,111,2.96,15,0,reject,4,5
434,310,155,155,111,2.96,15,0,reject,3.5,3
435,318,160,158,0,2.91,0,0,reject,2.5,4
436,319,160,159,111,3.14,10,3,reject,1.5,4
437,317,169,148,95,3.24,0,0,reject,1.5,3.5
438,311,167,144,101,3.21,10,0,reject,2.5,3.5
439,316,163,153,0,3.73,1,0,reject,1.5,3
440,322,167,155,113,3.56,0,0,reject,2.5,1.5
441,314,165,149,108,2.08,0,1,reject,1.5,3
442,306,163,143,92,2.99,7,1,reject,4.5,4.5
443,311,163,148,101,3.56,22,0,reject,4.5,4.5
444,321,167,154,112,3.44,37,0,reject,4,5
445,323,167,156,110,3,29,0,reject,4.5,5
446,322,166,156,108,3.28,45,0,reject,5,5
447,325,170,155,106,2.59,31,0,reject,3.5,5
448,316,162,154,117,3.64,4,1,reject,2.5,4
449,314,168,146,0,3.23,0,0,reject,3.5,4.5
450,307,160,147,75,3.48,11,0,reject,3,4.5
451,315,166,149,0,3.08,4,0,reject,4.5,4.5
452,320,164,156,114,2.54,29,0,reject,5,3.5
453,311,164,147,105,3.2,15,3,reject,2.5,4
454,313,160,153,107,2.4,11,0,reject,3,3.5
455,315,166,149,98,3.26,26,0,reject,1.5,2.5
456,303,152,151,94,2.99,38,0,reject,2,2
457,308,162,146,0,2.57,6,0,reject,2,1.5
458,308,162,146,0,2.57,6,0,reject,3,3
459,300,156,144,95,2.9,16,3,reject,4,3.5
460,308,163,145,87,2.67,48,1,reject,4,4.5
461,313,165,148,96,3.57,6,0,reject,2.5,2
462,321,167,154,114,3.08,0,3,reject,3,3
463,315,167,148,0,2.94,0,3,reject,3.5,3
464,324,170,154,106,3.48,27,0,reject,2,3
465,308,158,150,100,2.65,0,0,reject,3,4.5
466,314,162,152,112,2.07,11,3,reject,3.5,4.5
467,318,166,152,102,2.77,8,3,reject,3.5,5
468,308,161,147,0,1.94,36,3,reject,4,5
469,312,161,151,0,3.14,2,0,reject,4,3.5
470,315,163,152,92,3.04,26,0,reject,4,4
471,318,160,158,109,2.87,41,0,reject,2,4
472,324,167,157,112,2.65,6,3,reject,4,4.5
473,312,166,146,86,3,38,0,reject,4,3.5
474,312,166,146,86,3,38,0,reject,3,2.5
475,312,148,164,90,3.39,33,0,reject,3.5,2.5
476,322,152,170,101,2.72,0,0,reject,2.5,2
477,309,164,145,94,2.92,2,0,reject,3.5,2
478,300,155,145,93,3.12,13,0,reject,4,4.5
479,310,162,148,95,3.2,0,3,reject,4.5,4
480,301,155,146,102,2.8,1,0,reject,3.5,4
481,311,160,151,94,2.72,52,0,reject,3,2.5
482,308,158,150,105,3.21,0,0,reject,4,2.5
483,328,168,160,0,2.72,19,3,reject,5,3
484,316,164,152,101,1.95,14,2,reject,3.5,3
485,313,159,154,104,2.88,19,0,reject,2.5,3.5
486,312,157,155,108,2.84,24,3,reject,2.5,2.5
487,315,161,154,101,3.31,12,0,reject,3.5,4
488,331,170,161,111,2.4,0,0,reject,3,4
489,320,162,158,0,3.14,19,3,reject,4,4.5
490,313,164,149,101,2.96,33,3,reject,2.5,4.5
491,313,164,149,101,2.96,33,3,reject,3,3.5
492,321,170,151,103,3.12,22,3,reject,2.5,4.5
493,318,165,153,107,2.4,30,2,reject,3,1.5
494,321,167,154,113,2.15,28,0,reject,2.5,2
495,320,165,155,108,3.4,18,0,reject,4.5,4
496,304,163,141,98,3.31,0,0,reject,5,5
497,309,164,145,92,3.22,0,0,reject,4.5,5
498,319,165,154,97,3.3,18,0,reject,4,5
499,323,168,155,104,3.64,20,3,reject,4.5,4.5
500,322,167,155,117,3.53,2,3,reject,4.5,4.5
501,320,170,150,104,2.25,35,0,reject,4,4.5
502,315,165,150,103,3.75,4,1,reject,3,3.5
503,311,167,144,99,3.18,7,0,reject,3.5,2.5
504,308,157,151,96,3.01,15,0,reject,2,3
505,328,163,165,0,2.25,0,0,reject,4.5,3
506,313,156,157,105,3.23,17,3,reject,3,4
507,321,170,151,75,3.32,0,0,reject,3,4
508,311,165,146,104,2.82,0,0,reject,2,1.5
509,308,160,148,106,2.5,0,0,reject,3.5,3
510,325,167,158,113,3.44,14,0,reject,3.5,4
511,309,163,146,94,3.65,2,0,reject,4,4.5
512,315,164,151,105,3.32,27,0,reject,4,4.5
513,303,161,142,99,3.53,0,3,reject,4,3
514,314,166,148,104,3.63,5,0,reject,3.5,2
515,308,166,142,0,3.37,0,0,reject,3.5,2.5
516,310,159,151,103,3.18,39,0,reject,4,3
517,311,160,151,111,2.49,26,2,reject,4,3
518,318,160,158,110,2.14,21,0,reject,4,3
519,320,163,157,102,2.75,31,0,reject,3.5,3
520,316,164,152,91,2.6,0,0,reject,3,2
521,317,151,166,108,3.2,2,0,reject,3,2
522,317,165,152,95,2.44,18,2,reject,5,5
523,310,162,148,106,3.44,12,3,reject,5,4.5
524,308,158,150,91,2.18,0,0,reject,4,3.5
525,315,159,156,114,3.14,0,0,reject,4.5,4.5
526,320,168,152,0,2.99,27,0,reject,4.5,3.5
527,313,163,150,107,2.96,13,3,reject,1.5,2.5
528,322,166,156,103,2.25,8,3,reject,2,2
529,312,160,152,106,2.92,0,0,reject,1.5,2
530,316,163,153,0,2.68,15,3,reject,3,3
531,320,165,155,101,2.51,1,0,reject,4,4
532,317,162,155,0,3.56,16,0,reject,3,4.5
533,315,165,150,102,2.45,0,0,reject,4,4
534,320,164,156,0,3.36,30,0,reject,4,5
535,318,161,157,0,2.95,13,0,reject,5,5
536,308,161,147,107,3.49,57,2,reject,4,4
537,314,162,152,108,2.95,20,0,reject,1,2
538,314,162,152,108,2.95,20,0,reject,3,1.5
539,310,164,146,106,2.07,13,3,reject,4,3.5
540,306,160,146,0,3.1,18,0,reject,3.5,3
541,315,161,154,0,2.84,1,0,reject,2.5,2.5
542,313,156,157,114,2.25,1,0,reject,2.5,2
543,314,166,148,98,3.26,16,0,reject,4.5,4
544,319,165,154,106,3.59,2,0,reject,4.5,4
545,307,157,150,105,2.22,26,0,reject,5,4
546,310,161,149,112,3.4,25,0,reject,4,5
547,327,170,157,112,3.08,32,3,reject,4.5,4
548,314,167,147,90,2.3,56,0,reject,3.5,5
549,305,161,144,88,2.9,36,0,reject,3,4
550,314,162,152,101,2.85,6,0,reject,2.5,4.5
551,309,159,150,105,3.32,30,3,reject,1.5,3.5
552,311,161,150,110,3.28,20,1,reject,4,3
553,328,170,158,108,3.21,0,0,reject,4,2.5
554,323,170,153,102,3.6,4,0,reject,3,3.5
555,323,170,153,102,3.6,4,0,reject,3,3
556,304,160,144,91,3.2,57,0,reject,2,3
557,317,162,155,101,3.49,24,0,reject,4,2
558,311,162,149,107,3.13,3,3,reject,3,2
559,320,170,150,111,3.26,22,0,reject,2,2
560,309,159,150,114,2.3,20,0,reject,3,3
561,303,161,142,87,3.47,20,0,reject,4,3
562,305,155,150,98,3.44,12,0,reject,3,3
563,304,161,143,94,2.3,35,0,reject,4,3
564,319,170,149,0,3.32,0,3,reject,3,3.5
565,311,165,146,75,2.78,15,3,reject,3.5,3.5
566,308,158,150,100,2.97,25,0,reject,3,3
567,326,168,158,0,3.22,1,3,reject,3.5,3.5
568,303,160,143,95,3,0,0,reject,3.5,4
569,311,158,153,114,3.61,5,0,reject,4.5,4
570,311,158,153,116,2.37,43,0,reject,5,5
571,314,162,152,89,3.12,0,0,reject,5,5
572,314,162,152,89,3.12,0,0,reject,5,5
573,311,163,148,93,1.13,0,0,reject,4.5,4
574,306,162,144,107,3.24,0,0,reject,3,5
575,304,156,148,99,2.9,23,0,reject,2,4
576,302,160,142,92,2.81,16,0,reject,3,3
577,315,165,150,103,2.55,42,0,reject,3,2
578,311,151,160,94,3.25,35,0,reject,3,2
579,300,158,142,95,3.02,27,0,reject,1.5,2
580,309,159,150,108,2.7,12,2,reject,2,3
581,310,161,149,91,2.6,29,0,reject,5,5
582,313,162,151,102,2.9,33,0,reject,5,4.5
583,314,165,149,102,2.43,7,1,reject,4,4.5
584,301,156,145,89,2.95,2,0,reject,4.5,4.5
585,307,160,147,93,2.84,0,0,reject,4.5,3.5
586,313,155,158,106,2.23,0,0,reject,4.5,3.5
587,303,154,149,105,1.77,0,0,reject,3.5,3
588,313,157,156,89,2.12,0,0,reject,4.5,3.5
589,310,163,147,95,3.25,4,0,reject,4.5,3.5
590,314,164,150,101,1.8,1,0,reject,4,4
591,308,160,148,100,2.31,0,0,reject,5,3.5
592,302,154,148,101,3.32,0,0,reject,4,3
593,298,152,146,99,2,36,0,reject,3,3
594,317,160,157,109,2.63,0,0,reject,2,2.5
595,312,162,150,103,2.68,0,0,reject,1.5,2.5
596,329,167,162,118,3.12,2,0,reject,3,3
597,323,167,156,95,2.59,0,3,reject,4,4
598,316,164,152,108,2.02,0,3,reject,5,4.5
599,304,157,147,93,2.46,3,0,reject,4,4
600,305,155,150,96,3.09,20,0,reject,3.5,3.5
601,316,162,154,115,3.72,6,3,reject,2.5,3
602,321,167,154,112,2.4,18,0,reject,4,3.5
603,304,164,140,75,2.6,54,0,reject,4.5,4
604,323,162,161,113,2.15,11,0,reject,3.5,3
605,308,156,152,92,3.13,19,0,reject,4,4.5
606,308,156,152,92,3.13,19,0,reject,4.5,4.5
607,322,168,154,114,2.1,40,0,reject,3.5,4.5
608,307,160,147,102,2.5,30,0,reject,5,5
609,313,163,150,104,2.15,74,0,reject,5,4
610,312,162,150,107,2.88,20,0,reject,3,3
611,308,157,151,113,2.25,29,0,reject,4,4
612,311,158,153,102,2.15,14,3,reject,3.5,3.5
613,311,160,151,96,3.08,2,0,reject,4,3.5
614,320,166,154,108,3.11,20,0,reject,3.5,3
615,309,161,148,98,1.06,2,0,reject,4.5,4.5
616,308,159,149,82,3.64,0,0,reject,4,3.5
617,310,162,148,94,3.05,37,0,reject,2,2.5
618,308,158,150,94,3.4,12,0,reject,3,3.5
619,315,165,150,96,3.05,9,0,reject,3,3.5
620,309,162,147,94,3.01,18,0,reject,5,5
621,309,162,147,94,3.01,18,0,reject,4.5,4.5
622,307,158,149,107,2.28,40,0,reject,1.5,2.5
623,305,160,145,89,2.37,21,3,reject,3.5,3.5
624,307,155,152,97,2.4,17,3,reject,2.5,3
625,318,161,157,103,2.39,36,0,reject,2,3
626,303,162,141,91,3.07,17,0,reject,4,3
627,309,155,154,95,2.35,18,0,reject,2.5,2
628,310,157,153,110,2.35,38,0,reject,3.5,3
629,311,153,158,108,2.15,36,3,reject,5,5
630,305,160,145,90,3.23,30,0,reject,4,4.5
631,305,156,149,102,3.35,0,0,reject,5,4.5
632,319,167,152,93,3.44,3,0,reject,3.5,3.5
633,313,166,147,0,1.99,29,0,reject,4,4.5
634,301,157,144,93,2.6,5,0,reject,4,4
635,310,163,147,75,3.18,0,0,reject,3.5,4
636,294,153,141,83,2.18,78,0,reject,5,4
637,294,153,141,83,2.18,78,0,reject,1.5,3
638,315,167,148,93,3,2,0,reject,4.5,3
639,308,161,147,104,2.1,3,0,reject,3.5,3.5
640,315,163,152,103,2.85,44,0,reject,4,3
641,315,162,153,106,2.3,60,0,reject,4.5,3.5
642,314,165,149,110,3.24,0,0,reject,4,3.5
643,318,167,151,100,3.47,1,0,reject,4.5,4
644,300,156,144,102,2.15,20,0,reject,3,3.5
645,310,161,149,95,3.41,19,0,reject,2,2.5
646,309,160,149,105,2.62,15,1,reject,2,2.5
647,302,153,149,89,3.32,24,0,reject,3,3
648,307,162,145,93,2.54,16,0,reject,4,3.5
649,328,165,163,110,2.6,60,0,reject,3.5,3
650,316,167,149,89,2.75,19,0,reject,4,4
651,307,161,146,91,3.39,18,0,reject,5,5
652,311,165,146,96,2.5,5,0,reject,5,5
653,311,165,146,96,2.5,5,0,reject,3,4
654,312,161,151,95,3.04,0,0,reject,3,3.5
655,317,165,152,111,3.25,6,0,reject,3,3
656,294,157,137,87,2.75,60,0,reject,2,2.5
657,317,163,154,112,3.6,21,2,reject,2,2.5
658,311,162,149,92,3.14,0,0,reject,2,2.5
659,308,163,145,90,2.27,0,1,reject,1.5,2
660,311,162,149,112,3.16,1,0,reject,1.5,2
661,303,158,145,91,2.5,4,2,reject,1.5,3
662,320,170,150,103,3.06,32,0,reject,3,3
663,320,167,153,103,3.28,18,0,reject,3.5,3
664,298,161,137,90,2.85,21,0,reject,4.5,4
665,307,163,144,94,2.2,0,2,reject,4.5,4
666,313,164,149,108,2.16,32,3,reject,3.5,5
667,305,161,144,89,2.36,55,0,reject,2,3
668,323,166,157,112,2.5,5,3,reject,2,4
669,311,168,143,91,3.56,8,3,reject,2.5,3
670,303,159,144,88,2.87,36,0,reject,2.5,3.5
671,321,170,151,105,3.47,7,3,reject,4,4.5
672,311,160,151,105,2.1,32,2,reject,4,5
673,305,158,147,105,2.89,2,0,reject,4,4.5
674,314,165,149,93,2.76,42,0,reject,4,4
675,314,165,149,94,2.73,45,0,reject,4.5,3.5
676,307,158,149,97,3.34,0,0,reject,4.5,4.5
677,310,159,151,107,3.55,44,0,reject,3.5,3.5
678,308,164,144,94,2.52,36,3,reject,2.5,3
679,299,156,143,100,2.4,29,0,reject,3,3
680,308,160,148,100,1.8,0,2,reject,3.5,3
681,313,159,154,113,3.46,24,0,reject,2.5,2.5
682,319,170,149,93,2.4,8,3,reject,3,3.5
683,328,167,161,113,2.37,35,2,reject,4,4
684,313,163,150,99,2.82,25,0,reject,2.5,4
685,316,164,152,97,2.92,9,0,reject,4.5,4.5
686,310,158,152,109,2.3,21,3,reject,3.5,3
687,308,159,149,104,3.45,3,3,reject,4.5,3.5
688,323,164,159,109,3.41,1,0,reject,4.5,3.5
689,316,170,146,104,3.6,18,3,reject,5,5
690,309,163,146,90,3.26,6,0,reject,4.5,4
691,311,161,150,92,2.92,44,0,reject,4,5
692,321,167,154,112,3.02,30,0,reject,4.5,4
693,306,161,145,98,2.21,36,0,reject,4.5,5
694,317,162,155,102,1.85,14,2,reject,3.5,3
695,330,167,163,115,2.1,19,0,reject,3,3.5
696,301,159,142,84,2.4,36,0,reject,3,2.5
697,304,156,148,107,2.65,28,0,reject,3.5,2.5
698,308,162,146,89,3.12,21,0,reject,4.5,4.5
699,308,161,147,90,3.36,54,0,reject,4,4.5
700,305,158,147,91,1.92,26,3,reject,2.5,3
701,308,159,149,104,2.64,14,2,reject,3.5,3
702,316,163,153,98,2.18,51,0,reject,4.5,4.5
703,316,163,153,98,2.18,51,0,reject,4,5
704,312,164,148,89,3.43,32,3,reject,3.5,4
705,309,166,143,95,1.34,33,0,reject,2.5,3
706,324,170,154,103,3.54,2,3,reject,3.5,3
707,320,170,150,101,2.74,46,3,reject,3.5,4
708,310,163,147,95,3.27,4,0,reject,3,3
709,318,165,153,104,3.42,14,2,reject,3.5,4
710,330,170,160,113,3.4,36,0,reject,4.5,4
711,317,162,155,104,2.17,77,0,reject,5,4
712,310,162,148,97,3.2,0,0,reject,5,5
713,300,158,142,96,3.58,69,0,reject,5,4.5
714,312,160,152,86,2.5,12,3,reject,4.5,5
715,322,165,157,109,2.45,16,1,reject,5,4.5
716,302,158,144,91,2.08,21,3,reject,4.5,4.5
717,317,164,153,102,2.15,0,0,reject,4,4
718,309,161,148,89,2.59,31,0,reject,3,3.5
719,313,168,145,95,1.9,7,1,reject,3.5,3.5
720,313,168,145,95,1.9,7,1,reject,4,4
721,309,161,148,106,2.1,53,0,reject,3.5,4
722,304,161,143,104,2.34,19,0,reject,4.5,4
723,317,166,151,93,2,0,0,reject,3,4
724,307,158,149,93,1.9,60,0,reject,3,2
725,321,161,160,114,2.72,0,0,reject,2.5,2.5
726,319,167,152,99,3,6,3,reject,3.5,4
727,322,168,154,102,2.5,2,0,reject,3.5,3
728,311,163,148,95,3.28,0,0,reject,4,3.5
729,315,167,148,99,2.82,8,3,reject,3,3
730,315,160,155,114,2.28,12,0,reject,4,4.5
731,316,170,146,100,3.2,25,0,reject,3.5,2.5
732,310,164,146,97,3.11,24,0,reject,2.5,3.5
733,303,162,141,87,3.41,36,0,reject,2.5,3.5
734,303,155,148,93,3.31,21,0,reject,5,4
735,308,164,144,96,3.2,0,3,reject,4.5,4
736,309,158,151,103,3.08,44,1,reject,4,4.5
737,309,158,151,103,3.08,44,1,reject,4.5,5
738,309,166,143,95,3.04,1,0,reject,2,3.5
739,315,166,149,75,3.45,47,0,reject,1.5,2
740,309,161,148,95,2.75,24,3,reject,2.5,3
741,309,161,148,96,2.78,20,3,reject,2.5,2
742,316,163,153,109,3.66,4,0,reject,3.5,3
743,323,169,154,105,3.13,24,0,reject,3.5,3
744,322,163,159,109,2.46,7,0,reject,2.5,4
745,304,162,142,97,3.36,15,3,reject,4,2.5
746,315,165,150,91,2.81,0,0,reject,3,3.5
747,318,166,152,100,2.36,19,3,reject,2.5,3.5
748,314,166,148,101,2.28,31,0,reject,3.5,4
749,307,162,145,92,3.74,30,0,reject,3.5,4
750,306,161,145,105,3.36,34,3,reject,3,2.5
751,307,163,144,107,3.08,30,2,reject,2.5,3
752,322,161,161,107,3.4,0,0,reject,2.5,3.5
753,316,165,151,99,3.03,16,0,reject,4.5,4.5
754,329,168,161,111,1.95,1,0,reject,4,5
755,305,159,146,93,2.1,78,0,reject,4,4.5
756,305,159,146,97,2.02,27,3,reject,4,4
757,321,166,155,105,2.91,5,0,reject,4,5
758,306,157,149,91,2.17,25,0,reject,5,5
759,304,149,155,88,2.36,46,0,reject,5,4.5
760,300,144,156,92,2.98,2,3,reject,5,3.5
761,330,170,160,111,2.6,8,0,reject,3.5,4
762,301,159,142,90,2.19,12,3,reject,2.5,4
763,310,161,149,93,3.14,0,0,reject,2.5,1.5
764,308,159,149,97,2.47,32,0,reject,3,2.5
765,322,168,154,101,3.22,15,0,reject,2.5,2.5
766,316,164,152,111,3.36,0,0,reject,2,2.5
767,327,168,159,114,3.51,2,3,reject,3,3.5
768,315,167,148,103,2.55,0,3,reject,4.5,5
769,310,168,142,101,2.76,42,3,reject,4.5,5
770,312,161,151,109,2.11,0,3,reject,2.5,3
771,321,167,154,105,2.3,46,0,reject,1.5,2
772,309,161,148,102,2.9,30,0,reject,1.5,1.5
773,315,168,147,101,3.1,0,0,reject,1,1.5
774,316,170,146,98,3.36,1,2,reject,2,2.5
775,310,162,148,91,3.05,25,0,reject,3.5,3
776,314,166,148,110,3.3,8,3,reject,5,4.5
777,318,160,158,106,2.59,50,3,reject,2.5,3
778,315,167,148,103,3.25,30,0,reject,3,3.5
779,318,167,151,110,2.62,0,0,reject,3,4
780,310,164,146,107,3.32,13,1,reject,4.5,4
781,330,167,163,114,2.88,28,0,reject,4,4.5
782,310,160,150,108,2.15,15,3,reject,4,3.5
783,308,164,144,103,3.63,2,3,reject,2.5,3
784,309,157,152,98,3.21,3,3,reject,5,4.5
785,309,157,152,98,3.21,3,3,reject,4,4
786,321,161,160,111,2.55,32,0,reject,4.5,4
787,308,160,148,65,3.24,19,0,reject,5,4.5
788,318,167,151,101,3.6,14,0,reject,5,5
789,320,169,151,114,3.53,12,3,reject,4,3.5
790,317,165,152,109,2.8,23,0,reject,2.5,3
791,305,158,147,106,2.51,48,0,reject,1.5,2
792,315,161,154,107,2.2,24,0,reject,1,2
793,312,163,149,105,2.96,2,0,reject,3.5,3
794,314,166,148,93,3.32,0,0,reject,2.5,2
795,319,164,155,106,3.52,1,3,reject,3,2.5
796,323,154,169,103,3.14,3,0,reject,3.5,3.5
797,313,161,152,96,2.25,10,0,reject,4,4.5
798,315,164,151,103,2,30,3,reject,4.5,4.5
799,304,156,148,105,2.27,132,0,reject,3,3.5
800,319,166,153,105,2.72,24,0,reject,2.5,2.5
801,307,161,146,104,3.33,24,0,reject,2.5,3
802,307,161,146,104,3.33,24,0,reject,3,3
803,315,161,154,104,3.42,2,0,reject,3.5,3.5
804,332,170,162,115,2.62,4,3,reject,2.5,2
805,309,160,149,99,2.61,1,0,reject,3.5,3.5
806,311,164,147,99,3.16,30,0,reject,4,3.5
807,307,158,149,96,2.65,0,0,reject,4,4
808,323,164,159,109,2.79,5,0,reject,3.5,3
809,312,163,149,105,2.95,29,0,reject,3.5,3
810,324,170,154,110,3.43,2,0,reject,3,3.5
811,319,163,156,105,2.8,0,0,reject,4.5,4
812,318,164,154,94,1.85,33,3,reject,4.5,4.5
813,311,163,148,101,3.56,0,0,reject,3.5,3
814,311,161,150,99,3.43,1,0,reject,3,4
815,322,168,154,109,3.43,36,3,reject,2.5,3
816,317,165,152,109,2.67,33,0,reject,1.5,2
817,313,167,146,97,2.58,18,0,reject,1,2.5
818,318,168,150,104,2.64,22,0,reject,2.5,2
819,318,168,150,104,2.64,22,0,reject,3.5,3
820,320,166,154,109,3.14,40,0,reject,4,3.5
821,319,167,152,0,2.7,0,0,reject,4,4
822,307,158,149,98,1.95,44,2,reject,2.5,4
823,311,161,150,92,2.75,18,0,reject,2,2.5
824,306,157,149,89,3.6,21,0,reject,3,2.5
825,323,165,158,112,2.2,40,0,reject,3.5,4
826,323,169,154,94,3.51,31,0,reject,2,2
827,306,158,148,100,2.65,18,0,reject,2.5,2
828,305,156,149,91,3.19,18,3,reject,4,3.5
829,310,163,147,101,3.08,0,0,reject,2.5,1.5
830,304,161,143,90,3.58,0,0,reject,3.5,3
831,313,168,145,94,3.19,3,0,reject,3,2
832,310,164,146,102,3.28,34,0,reject,3.5,2.5
833,318,167,151,102,2.27,40,0,reject,3,3.5
834,310,160,150,95,2.91,42,0,reject,4.5,4
835,302,160,142,75,2.25,3,0,reject,4,4.5
836,326,167,159,114,3.07,0,0,reject,3,2.5
837,314,162,152,100,3.42,2,3,reject,5,5
838,323,170,153,103,3.16,26,0,reject,4,4
839,323,170,153,109,3.37,16,0,reject,3.5,4
840,310,162,148,102,2.45,18,0,reject,3,3
841,331,164,167,114,2.75,19,0,reject,3.5,3.5
842,326,167,159,117,2.6,0,3,reject,3,3
843,326,167,159,109,3.4,0,2,reject,2.5,3.5
844,306,158,148,99,2.35,15,1,reject,1.5,2
845,318,164,154,113,2.4,30,3,reject,1.5,2
846,320,167,153,106,3.47,8,3,reject,1.5,2
847,309,165,144,97,2.99,22,0,reject,1,1
848,310,160,150,95,2.54,30,0,reject,2,2
849,308,159,149,92,3.6,1,0,reject,2.5,3
850,306,161,145,96,2.75,36,0,reject,3,3.5
851,303,160,143,89,3.32,24,0,reject,3.5,4
852,314,159,155,75,2.85,23,0,reject,3,3.5
853,318,168,150,106,1.88,18,3,reject,3.5,2.5
854,309,161,148,91,3.62,20,0,reject,2.5,3
855,312,163,149,100,3.73,16,1,reject,2,3.5
856,313,161,152,96,3.04,0,0,reject,3.5,4
857,310,163,147,104,2.76,2,0,reject,3.5,3.5
858,322,170,152,100,2.77,0,0,reject,2.5,2
859,318,165,153,109,2.05,55,0,reject,2,1.5
860,311,167,144,113,3.11,0,0,reject,4,5
861,324,167,157,112,2.96,39,0,reject,4,3.5
862,319,167,152,110,3.8,16,3,reject,4.5,5
863,327,170,157,115,3.04,12,0,reject,2.5,3
864,309,162,147,96,2.65,41,0,reject,3.5,4
865,323,161,162,107,3.33,22,2,reject,4.5,3
866,305,158,147,97,3.47,3,3,reject,3.5,4.5
867,310,160,150,110,2.36,18,0,reject,1,2.5
868,310,160,150,110,2.36,18,0,reject,2,2
869,317,165,152,104,2.02,17,0,reject,2,3
870,314,160,154,107,2.11,15,3,reject,2.5,2.5
871,312,162,150,98,2.06,19,3,reject,3.5,3
872,316,166,150,100,2.26,7,3,reject,4.5,4
873,317,161,156,108,1.9,14,0,reject,3,3
874,318,168,150,102,2.05,42,0,reject,2,2.5
875,318,163,155,107,2.58,36,0,reject,2,2.5
876,303,163,140,85,3.41,6,0,reject,2.5,2
877,290,149,141,84,2.7,48,0,reject,1.5,2
878,301,159,142,78,3,32,0,reject,2,2.5
879,302,154,148,100,3.25,24,0,reject,2.5,3
880,329,169,160,112,1.96,36,0,reject,3.5,4
881,306,163,143,93,3.13,42,0,reject,3,3.5
882,309,163,146,90,3.16,6,0,reject,4.5,4
883,305,161,144,89,3.09,12,0,reject,3,3.5
884,316,167,149,98,3.17,24,0,reject,5,5
885,316,167,149,98,3.17,24,0,reject,5,5
886,307,157,150,96,3.19,43,0,reject,2.5,3.5
887,311,163,148,85,3.05,24,0,reject,2,3.5
888,309,161,148,109,3.25,4,0,reject,1.5,2
889,308,157,151,104,3.2,20,0,reject,3.5,4
890,311,163,148,106,2.05,30,0,reject,2,2.5
891,316,163,153,103,2.14,9,3,reject,2,3
892,323,165,158,114,2.75,8,3,reject,4,3.5
893,311,155,156,101,3.16,18,0,reject,3,3
894,308,163,145,95,2.29,24,0,reject,4.5,4
895,303,165,138,91,3.45,18,0,reject,3.5,3.5
896,316,164,152,98,2.15,55,0,reject,3,3.5
897,312,162,150,99,2.72,6,0,reject,5,4.5
898,300,156,144,65,3.2,24,3,reject,3.5,4
899,312,164,148,94,2.8,24,1,reject,5,4
900,312,161,151,99,2.8,30,0,reject,3.5,3
901,299,158,141,83,2.45,30,0,reject,3,3
902,299,158,141,83,2.45,30,0,reject,3.5,3
903,301,157,144,88,2.92,0,0,reject,4,3.5
904,315,161,154,113,2.17,22,0,reject,2,2.5
905,318,166,152,94,2.5,11,0,reject,2.5,3
906,313,158,155,110,2.45,30,2,reject,3,2.5
907,302,156,146,94,3.4,17,0,reject,2.5,4
908,310,162,148,96,2.9,60,0,reject,2,4
909,306,164,142,83,3.12,38,0,reject,2,2.5
910,306,162,144,93,3.48,45,0,reject,3,4
911,319,166,153,101,2.5,6,0,reject,2.5,1.5
912,325,170,155,108,3,4,0,reject,2.5,2
913,312,158,154,100,3,41,0,reject,3,2
914,309,159,150,100,1.7,50,0,reject,3.5,4
915,313,164,149,107,3.02,36,0,reject,4,4.5
916,308,159,149,106,2.6,0,3,reject,4,2.5
917,304,158,146,93,2.98,0,0,reject,3.5,2
918,309,156,153,106,3.26,18,2,reject,2.5,4
919,315,165,150,110,3.24,24,0,reject,2,3.5
920,310,159,151,104,2.8,24,2,reject,2,3
921,316,164,152,104,2.65,70,0,reject,3,4.5
922,323,170,153,96,2.15,24,0,reject,3.5,2.5
923,301,154,147,103,2.35,8,0,reject,4.5,5
924,304,155,149,105,2,26,0,reject,4,5
925,314,161,153,106,3.1,30,0,reject,4,5
926,300,158,142,91,3.04,15,3,reject,3,5
927,308,156,152,97,3.03,24,0,reject,3.5,5
928,317,158,159,105,2.1,40,0,reject,2,4.5
929,313,163,150,106,2.85,0,0,reject,5,4.5
930,303,156,147,103,2.78,30,2,reject,4,3.5
931,323,167,156,110,3.17,0,0,reject,3.5,3.5
932,318,164,154,107,3.16,0,0,reject,4.5,4
933,323,162,161,108,2.6,59,0,reject,4,5
934,319,170,149,96,2.72,5,0,reject,3.5,3
935,309,162,147,96,3.42,22,0,reject,2.5,4
936,312,163,149,102,3.38,0,0,reject,1.5,4
937,315,163,152,105,2.65,0,0,reject,1.5,3.5
938,321,161,160,105,2.8,36,0,reject,2.5,3.5
939,305,163,142,83,2.8,24,0,reject,1.5,3
940,312,162,150,100,2.4,48,0,reject,2.5,1.5
941,315,163,152,111,2.5,10,0,reject,1.5,3
942,305,160,145,104,3.1,2,0,reject,4.5,4.5
943,307,160,147,102,2.76,0,0,reject,4.5,4.5
944,309,160,149,99,2.28,20,0,reject,4,5
945,312,162,150,103,2.99,40,0,reject,4.5,5
946,304,154,150,95,2.44,0,3,reject,5,5
947,308,155,153,95,2.4,0,0,reject,3.5,5
948,314,159,155,107,2.3,30,0,reject,2.5,4
949,308,154,154,96,2.25,30,1,reject,3.5,4.5
950,319,165,154,109,2.2,0,1,reject,3,4.5
951,319,165,154,109,2.2,0,1,reject,4.5,4.5
952,328,170,158,115,2.68,0,3,reject,5,3.5
953,314,160,154,100,3.12,2,0,reject,2.5,4
954,315,163,152,111,2.35,23,3,reject,3,3.5
955,309,160,149,91,2.48,0,0,reject,1.5,2.5
956,322,166,156,113,3.1,0,0,reject,2,2
957,320,168,152,100,3.2,0,0,reject,2,1.5
958,304,158,146,94,2.84,26,0,reject,3,3
959,309,161,148,98,3.48,1,0,reject,4,3.5
960,320,170,150,97,3.09,18,0,reject,4,4.5
961,308,159,149,98,2.01,30,0,reject,2.5,2
962,311,167,144,98,3.66,1,0,reject,3,3
963,308,162,146,97,2.84,0,0,reject,3.5,3
964,306,154,152,95,2.5,19,0,reject,2,3
965,307,161,146,99,3,0,0,reject,3,4.5
966,306,160,146,96,3.36,6,0,reject,3.5,4.5
967,316,162,154,104,2.78,2,0,reject,3.5,5
968,316,162,154,104,2.78,2,0,reject,4,5
969,314,165,149,102,2.5,54,0,reject,4,3.5
970,309,159,150,103,2.45,30,0,reject,4,4
971,314,158,156,107,2.61,4,0,reject,2,4
972,305,159,146,93,2.18,30,0,reject,4,4.5
973,298,154,144,65,3.26,11,0,reject,4,3.5
974,310,157,153,108,1.95,32,0,reject,3,2.5
975,309,166,143,89,2.15,23,0,reject,3.5,2.5
976,320,166,154,111,2.98,22,0,reject,2.5,2
977,309,162,147,103,2.68,21,3,reject,3.5,2
978,310,163,147,107,2.9,0,0,reject,4,4.5
979,316,163,153,107,2.6,0,0,reject,4.5,4
980,316,163,153,112,2.6,12,3,reject,3.5,4
981,314,158,156,105,2.35,20,3,reject,3,2.5
982,309,158,151,106,2.5,7,0,reject,4,2.5
983,313,161,152,92,3.26,9,0,reject,5,3
984,317,161,156,109,3.45,6,0,reject,3.5,3
985,317,161,156,109,3.45,6,0,reject,2.5,3.5
986,314,162,152,108,3.54,0,0,reject,2.5,2.5
987,319,162,157,109,1.86,0,3,reject,3.5,4
988,316,164,152,104,3,0,0,reject,3,4
989,313,170,143,102,3.42,21,0,reject,4,4.5
990,319,165,154,104,3.26,0,0,reject,2.5,4.5
991,311,159,152,100,3.6,0,0,reject,3,3.5
992,313,163,150,107,3.31,0,0,reject,2.5,4.5
993,302,157,145,97,3.2,24,1,reject,3,1.5
994,321,169,152,108,1.96,0,0,reject,2.5,2
995,305,157,148,97,2.45,0,0,reject,4.5,4
996,312,163,149,107,3.22,0,0,reject,5,5
997,313,161,152,113,2.6,41,0,reject,4.5,5
998,318,168,150,104,2.3,30,3,reject,4,5
999,310,164,146,85,2.53,6,0,reject,4.5,4.5
1000,321,167,154,104,2.25,18,0,reject,3.5,3
1001,308,158,150,101,2.8,22,0,reject,4.5,4.5
1002,325,168,157,114,2.89,0,0,reject,4,5
1003,308,161,147,104,2.43,24,3,reject,3.5,4
1004,309,155,154,114,3.44,0,0,reject,2.5,3
1005,316,162,154,102,2.94,60,0,reject,3.5,3
1006,312,163,149,106,2.45,17,0,reject,3.5,4
1007,300,155,145,92,3,36,1,reject,3,3
1008,307,162,145,91,2.9,2,0,reject,3.5,4
1009,303,154,149,93,3.4,0,2,reject,4.5,4
1010,318,167,151,100,2.55,24,0,reject,5,4
1011,306,158,148,102,2.92,0,3,reject,5,5
1012,304,160,144,94,2.25,0,0,reject,5,4.5
1013,306,157,149,90,2.85,0,0,reject,4.5,5
1014,320,168,152,96,3.48,5,0,reject,5,4.5
1015,306,161,145,91,3.65,20,0,reject,4.5,4.5
1016,325,166,159,104,2.76,2,0,reject,4,4
1017,311,163,148,105,2.4,0,0,reject,3,3.5
1018,307,162,145,108,2.05,0,0,reject,3.5,3.5
1019,309,159,150,105,2.35,0,0,reject,4,4
1020,306,162,144,99,1.99,10,0,reject,3.5,4
1021,311,164,147,106,3.34,1,3,reject,4.5,4
1022,313,155,158,106,2.23,0,0,reject,3,4
1023,326,170,156,108,1.8,0,0,reject,3,2
1024,324,165,159,114,3.57,30,0,reject,2.5,2.5
1025,311,164,147,96,3,6,0,reject,3.5,4
1026,322,162,160,108,2.2,0,0,reject,3.5,3
1027,311,158,153,108,2.2,15,2,reject,4,3.5
1028,320,168,152,110,2.5,30,0,reject,3,3
1029,313,166,147,97,3.32,0,0,reject,4,4.5
1030,322,168,154,114,3.2,0,3,reject,3.5,2.5
1031,305,157,148,102,2.05,0,0,reject,2.5,3.5
1032,311,161,150,95,2.22,0,0,reject,2.5,3.5
1033,316,164,152,102,2.55,30,0,reject,5,4
1034,310,161,149,106,3.1,0,0,reject,4.5,4
1035,310,161,149,106,3.1,0,0,reject,4,4.5
1036,316,161,155,102,2.15,20,0,reject,4.5,5
1037,312,163,149,99,2.78,0,2,reject,2,3.5
1038,307,159,148,93,2.5,0,3,reject,1.5,2
1039,313,161,152,103,2.21,0,2,reject,2.5,3
1040,322,165,157,110,2.11,0,0,reject,2.5,2
1041,306,158,148,104,2.5,30,0,reject,3.5,3
1042,323,163,160,108,2.03,20,0,reject,3.5,3
1043,309,159,150,105,2.8,0,0,reject,2.5,4
1044,310,165,145,95,3.05,32,0,reject,4,2.5
1045,308,158,150,109,2.1,0,0,reject,3,3.5
1046,306,159,147,97,2.12,10,0,reject,2.5,3.5
1047,320,163,157,108,2.3,0,2,reject,3.5,4
1048,306,161,145,96,3.19,0,0,reject,3.5,4
1049,312,162,150,103,2.56,0,0,reject,3,2.5
1050,310,160,150,110,2.5,0,0,reject,2.5,3
1051,310,160,150,94,3.24,0,3,reject,2.5,3.5
1052,310,160,150,94,3.24,0,3,reject,4.5,4.5
1053,306,161,145,104,3.02,22,0,reject,4,5
1054,308,159,149,93,2.46,30,3,reject,4,4.5
1055,318,165,153,107,3,0,0,reject,4,4
1056,311,164,147,108,3,0,3,reject,4,5
1057,307,160,147,97,2.05,10,3,reject,5,5
1058,318,164,154,117,2.44,30,0,reject,5,4.5
1059,307,155,152,110,2,12,0,reject,5,3.5
1060,313,162,151,96,2.86,0,0,reject,3.5,4
1061,321,167,154,108,2.35,10,0,reject,2.5,4
1062,318,168,150,102,2.81,10,0,reject,2.5,1.5
1063,312,166,146,90,3.94,10,0,reject,3,2.5
1064,320,165,155,113,2.4,14,0,reject,2.5,2.5
1065,304,161,143,92,3.6,24,0,reject,2,2.5
1066,320,168,152,96,3.14,20,0,reject,3,3.5
1067,308,158,150,99,2.4,16,0,reject,4.5,5
1068,317,167,150,103,2.35,30,2,reject,4.5,5
1069,317,167,150,103,2.35,30,2,reject,2.5,3
1070,313,163,150,99,2.9,30,0,reject,1.5,2
1071,296,158,138,98,2.1,30,0,reject,1.5,1.5
1072,310,165,145,100,2.15,30,3,reject,1,1.5
1073,313,162,151,110,2.65,30,0,reject,2,2.5
1074,315,163,152,95,2.35,30,3,reject,3.5,3
1075,308,163,145,104,2.17,30,1,reject,5,4.5
1076,322,170,152,101,2.4,30,0,reject,2.5,3
1077,325,169,156,104,2.6,30,1,reject,3,3.5
1078,304,157,147,95,3.29,30,0,reject,3,4
1079,316,164,152,106,2.9,9,3,accept,4.5,4
1080,314,163,151,114,3.53,7,3,accept,4,4.5
1081,307,160,147,88,3,36,0,accept,4,3.5
1082,330,169,161,113,2.4,48,3,accept,2.5,3
1083,316,163,153,99,2.71,30,0,accept,5,4.5
1084,311,163,148,107,3.22,0,0,accept,4,4
1085,306,155,151,113,3.12,12,0,accept,4.5,4
1086,325,168,157,106,2.65,8,3,accept,5,4.5
1087,324,167,157,104,3.44,0,0,accept,5,5
1088,317,159,158,114,3.52,4,1,accept,4,3.5
1089,324,167,157,108,3.12,6,2,accept,2.5,3
1090,305,161,144,0,3.28,13,0,accept,1.5,2
1091,324,169,155,112,2.88,8,0,accept,1,2
1092,318,170,148,102,2.8,4,0,accept,3.5,3
1093,312,164,148,65,3.68,5,0,accept,2.5,2
1094,319,165,154,99,2.87,30,2,accept,3,2.5
1095,306,157,149,100,3.56,20,0,accept,3.5,3.5
1096,304,157,147,95,2.82,0,0,accept,4,4.5
1097,306,157,149,111,3.55,0,0,accept,4.5,4.5
1098,332,170,162,115,2.75,9,0,accept,3,3.5
1099,317,162,155,101,3.46,48,0,accept,2.5,2.5
1100,309,163,146,102,3.1,33,0,accept,2.5,3
1101,320,168,152,99,3.3,25,3,accept,3,3
1102,305,153,152,107,2.75,24,0,accept,3.5,3.5
1103,323,164,159,110,3.12,12,0,accept,2.5,2
1104,318,166,152,104,3.47,9,3,accept,3.5,3.5
1105,327,167,160,115,3.19,2,0,accept,4,3.5
1106,320,168,152,107,3.52,41,3,accept,4,4
1107,324,163,161,110,3.64,28,0,accept,3.5,3
1108,311,155,156,101,3.13,0,0,accept,3.5,3
1109,318,165,153,112,3.66,36,3,accept,3,3.5
1110,315,160,155,106,3.76,4,0,accept,4.5,4
1111,321,164,157,104,2.88,15,0,accept,4.5,4.5
1112,317,163,154,112,3.4,11,3,accept,3.5,3
1113,332,170,162,114,3.28,32,2,accept,3,4
1114,316,167,149,103,3.45,19,0,accept,2.5,3
1115,313,161,152,106,3.33,0,0,accept,1.5,2
1116,315,158,157,100,3,0,0,accept,1,2.5
1117,316,164,152,98,3.26,33,0,accept,2.5,2
1118,319,163,156,112,3.4,0,0,accept,3.5,3
1119,318,162,156,108,3.8,20,3,accept,4,3.5
1120,322,165,157,118,3.56,1,0,accept,4,4
1121,312,161,151,108,3.33,2,0,accept,2.5,4
1122,320,167,153,107,3.5,0,3,accept,2,2.5
1123,318,166,152,110,3.14,6,0,accept,3,2.5
1124,320,165,155,108,3.46,5,3,accept,3.5,4
1125,318,167,151,108,2.94,24,0,accept,2,2
1126,320,170,150,107,3.68,4,0,accept,2.5,2
1127,315,165,150,114,3.8,1,0,accept,4,3.5
1128,308,153,155,75,3.21,50,0,accept,2.5,1.5
1129,310,161,149,100,2.92,4,0,accept,3.5,3
1130,338,168,170,119,3.68,6,0,accept,3,2
1131,315,165,150,105,2.59,9,3,accept,3.5,2.5
1132,313,161,152,114,3.82,1,0,accept,3,3.5
1133,308,156,152,102,3.06,7,3,accept,4.5,4
1134,312,162,150,106,2.96,0,0,accept,4,4.5
1135,312,163,149,107,3.24,25,0,accept,3,2.5
1136,316,163,153,102,3.05,6,0,accept,5,5
1137,316,165,151,110,3.08,9,0,accept,4,4
1138,316,164,152,108,3.82,3,3,accept,3.5,4
1139,324,169,155,108,3.29,30,2,accept,3,3
1140,317,161,156,114,2.8,10,0,accept,3.5,3.5
1141,310,167,143,101,3.19,0,3,accept,3,3
1142,329,170,159,108,3.38,16,0,accept,2.5,3.5
1143,310,161,149,106,3.14,60,0,accept,1.5,2
1144,316,161,155,101,3.5,1,0,accept,1.5,2
1145,316,162,154,100,3.46,0,0,accept,1.5,2
1146,317,160,157,111,2.61,36,0,accept,1,1
1147,321,168,153,109,3.27,2,0,accept,2,2
1148,318,169,149,100,2.89,30,0,accept,2.5,3
1149,311,161,150,102,3.66,16,0,accept,3,3.5
1150,319,163,156,113,3.44,10,0,accept,3.5,4
1151,325,170,155,110,3.44,33,0,accept,3,3.5
1152,320,167,153,104,3.46,24,0,accept,3.5,2.5
1153,320,168,152,101,3.44,17,0,accept,2.5,3
1154,327,165,162,109,2.87,30,0,accept,2,3.5
1155,314,162,152,104,2.96,43,0,accept,3.5,4
1156,319,167,152,110,3.14,24,0,accept,3.5,3.5
1157,326,164,162,110,2.96,31,0,accept,2.5,2
1158,327,170,157,109,3.33,8,0,accept,2,1.5
1159,320,166,154,102,3.42,22,0,accept,4,5
1160,314,162,152,105,3.47,14,0,accept,4,3.5
1161,306,146,160,101,3.59,60,0,accept,4.5,5
1162,324,170,154,113,3.56,31,2,accept,2.5,3
1163,313,164,149,103,2.4,27,3,accept,3.5,4
1164,316,164,152,105,3.42,24,3,accept,4.5,3
1165,317,165,152,106,3.62,0,3,accept,3.5,4.5
1166,311,163,148,102,3.41,28,0,accept,1,2.5
1167,305,160,145,75,3.63,6,0,accept,2,2
1168,322,155,167,109,3,20,3,accept,2,3
1169,311,160,151,107,2.7,60,0,accept,2.5,2.5
1170,320,165,155,103,3.59,4,0,accept,3.5,3
1171,321,167,154,111,3.6,6,0,accept,4.5,4
1172,317,166,151,104,3.43,6,0,accept,3,3
1173,316,164,152,106,3.07,28,0,accept,2,2.5
1174,315,164,151,108,3.62,1,0,accept,2,2.5
1175,321,163,158,109,3.16,44,0,accept,2.5,2
1176,329,166,163,114,2.66,18,0,accept,1.5,2
1177,320,170,150,104,3.86,2,1,accept,2,2.5
1178,319,163,156,110,3.14,60,0,accept,2.5,3
1179,314,162,152,108,3.73,2,0,accept,3.5,4
1180,314,166,148,107,3.05,18,0,accept,3,3.5
1181,314,160,154,109,2.96,24,0,accept,4.5,4
1182,322,168,154,108,2.5,7,2,accept,3,3.5
1183,307,158,149,104,3.68,1,0,accept,5,5
1184,306,157,149,114,3.15,0,3,accept,5,5
1185,313,164,149,110,2.9,7,0,accept,2.5,3.5
1186,309,162,147,101,3.8,0,0,accept,2,3.5
1187,317,169,148,75,2.88,26,2,accept,1.5,2
1188,315,162,153,109,3.89,1,0,accept,3.5,4
1189,318,161,157,114,3.26,33,0,accept,2,2.5
1190,309,160,149,75,3.37,30,0,accept,2,3
1191,327,168,159,0,3.74,0,0,accept,4,3.5
1192,299,148,151,75,2.62,55,0,accept,3,3
1193,321,167,154,109,3,0,0,accept,4.5,4
1194,319,162,157,106,3.34,36,0,accept,3.5,3.5
1195,317,163,154,118,3.5,15,2,accept,3,3.5
1196,328,170,158,114,2.99,17,0,accept,5,4.5
1197,318,168,150,100,3.08,14,0,accept,3.5,4
1198,331,165,166,115,2.35,46,0,accept,5,4
1199,310,156,154,105,3.38,5,3,accept,3.5,3
1200,327,164,163,117,3.28,16,0,accept,3,3
1201,309,160,149,101,3.5,24,3,accept,3.5,3
1202,317,165,152,114,2.64,24,0,accept,4,3.5
1203,313,164,149,75,3.57,12,0,accept,2,2.5
1204,314,159,155,111,2.7,52,0,accept,2.5,3
1205,321,170,151,100,3.36,3,0,accept,3,2.5
1206,318,163,155,109,2.4,49,0,accept,2.5,4
1207,318,163,155,114,2.94,24,0,accept,2,4
1208,315,160,155,75,3.01,13,0,accept,2,2.5
1209,313,169,144,100,3.07,20,0,accept,3,4
1210,317,166,151,102,3.5,13,0,accept,2.5,1.5
1211,312,160,152,107,2.96,17,0,accept,2.5,2
1212,326,165,161,100,2.84,0,0,accept,3,2
1213,320,161,159,113,2.7,82,0,accept,3.5,4
1214,316,162,154,107,3.19,4,3,accept,4,4.5
1215,322,167,155,108,3.16,60,0,accept,4,2.5
1216,325,169,156,112,3.38,5,0,accept,3.5,2
1217,318,163,155,108,3.32,18,0,accept,2.5,4
1218,318,170,148,101,3.25,7,0,accept,2,3.5
1219,308,163,145,75,3.1,12,0,accept,2,3
1220,313,163,150,101,3,18,0,accept,3,4.5
1221,327,164,163,111,3.46,22,0,accept,3.5,2.5
1222,312,163,149,105,2.7,22,2,accept,4.5,5
1223,327,170,157,104,3.53,18,0,accept,4,5
1224,315,161,154,107,2.3,36,0,accept,4,5
1225,325,159,166,115,3.48,1,0,accept,3,5
1226,309,164,145,105,3.59,2,0,accept,3.5,5
1227,333,168,165,114,3.61,2,0,accept,2,4.5
1228,317,162,155,111,3.24,1,0,accept,5,4.5
1229,329,166,163,114,3.25,3,0,accept,4,3.5
1230,319,168,151,106,2.05,38,0,accept,3.5,3.5
1231,321,163,158,110,3.37,6,0,accept,4.5,4
1232,315,164,151,103,3.81,32,0,accept,4,5
1233,322,166,156,103,3.23,28,0,accept,3.5,3
1234,323,170,153,112,3.29,12,3,accept,2.5,4
1235,308,158,150,106,3.08,0,0,accept,1.5,4
1236,317,164,153,101,3.71,50,0,accept,1.5,3.5
1237,316,165,151,93,3.37,52,3,accept,2.5,3.5
1238,330,167,163,114,2.4,6,0,accept,1.5,3
1239,310,159,151,75,2.88,58,0,accept,2.5,1.5
1240,316,163,153,112,3.24,24,0,accept,1.5,3
1241,320,162,158,108,3.24,28,3,accept,4.5,4.5
1242,306,158,148,101,2.65,0,0,accept,4.5,4.5
1243,314,162,152,98,3.4,18,2,accept,4,5
1244,309,161,148,101,2.9,51,0,accept,4.5,5
1245,313,162,151,111,3.44,22,3,accept,5,5
1246,313,166,147,108,3.46,0,0,accept,3.5,5
1247,313,161,152,107,3.27,6,2,accept,2.5,4
1248,317,170,147,106,3.19,24,0,accept,3.5,4.5
1249,324,168,156,106,3,26,0,accept,3,4.5
1250,306,157,149,111,3,49,0,accept,4.5,4.5
1251,312,160,152,104,3,24,0,accept,5,3.5
1252,329,168,161,110,3.39,3,2,accept,2.5,4
1253,311,164,147,102,3.02,27,3,accept,3,3.5
1254,311,165,146,101,2.2,0,0,accept,1.5,2.5
1255,317,163,154,105,3.29,48,0,accept,2,2
1256,310,165,145,101,3.69,15,0,accept,2,1.5
1257,322,163,159,115,2.4,22,3,accept,3,3
1258,306,159,147,99,2.56,29,1,accept,4,3.5
1259,315,162,153,102,2.94,31,2,accept,4,4.5
1260,315,163,152,107,3.42,0,3,accept,2.5,2
1261,310,165,145,101,2.92,0,0,accept,3,3
1262,311,159,152,114,3.34,43,0,accept,3.5,3
1263,318,165,153,102,3.57,38,0,accept,2,3
1264,323,170,153,107,3.66,8,0,accept,3,4.5
1265,312,167,145,99,3.3,13,2,accept,3.5,4.5
1266,307,157,150,104,2.62,11,0,accept,3.5,5
1267,326,164,162,110,3.24,0,0,accept,4,5
1268,307,157,150,107,3.4,6,3,accept,4,3.5
1269,324,166,158,112,2.18,20,0,accept,4,4
1270,316,163,153,0,2.45,27,0,accept,2,4
1271,319,164,155,0,3.43,1,3,accept,4,4.5
1272,318,166,152,0,2.93,17,0,accept,4,3.5
1273,314,163,151,106,2.74,46,3,accept,3,2.5
1274,321,160,161,111,2.8,24,0,accept,3.5,2.5
1275,328,166,162,0,2.35,24,3,accept,2.5,2
1276,318,167,151,112,2.9,2,3,accept,3.5,2
1277,320,161,159,114,2.8,12,1,accept,4,4.5
1278,319,166,153,0,2.5,2,0,accept,4.5,4
1279,315,164,151,108,3.18,17,3,accept,3.5,4
1280,314,164,150,108,3.48,2,0,accept,3,2.5
1281,322,167,155,107,3.28,15,0,accept,4,2.5
1282,315,166,149,105,3.68,18,3,accept,5,3
1283,314,162,152,105,3.4,41,0,accept,3.5,3
1284,320,166,154,104,3.62,5,3,accept,2.5,3.5
1285,329,170,159,116,3.64,10,3,accept,2.5,2.5
1286,312,158,154,104,2.96,30,3,accept,3.5,4
1287,321,165,156,105,3,39,0,accept,3,4
1288,332,166,166,115,3.52,22,0,accept,4,4.5
1289,329,165,164,113,3.16,18,0,accept,2.5,4.5
1290,324,166,158,120,3.75,2,0,accept,3,3.5
1291,317,165,152,102,3.09,13,0,accept,2.5,4.5
1292,330,169,161,116,3.43,12,2,accept,3,1.5
1293,304,154,150,105,3.2,31,3,accept,2.5,2
1294,320,162,158,102,3.32,6,3,accept,4.5,4
1295,325,166,159,113,2.76,12,0,accept,5,5
1296,319,166,153,112,3.42,4,0,accept,4.5,5
1297,326,162,164,111,2.76,1,0,accept,4,5
1298,309,162,147,105,3.32,0,0,accept,4.5,4.5
1299,320,162,158,117,3.37,2,2,accept,4.5,4.5
1300,319,168,151,0,3.16,14,3,accept,4,4.5
1301,314,161,153,108,3.34,17,0,accept,3,3.5
1302,314,162,152,105,3.39,4,0,accept,3.5,2.5
1303,312,154,158,104,1.24,2,0,accept,2,3
1304,322,162,160,112,3.57,12,0,accept,4.5,3
1305,328,163,165,114,2.99,69,0,accept,3,4
1306,326,167,159,112,3.67,5,0,accept,3,4
1307,317,165,152,110,3.47,0,0,accept,2,1.5
1308,317,166,151,104,3.44,2,0,accept,3.5,3
1309,309,157,152,108,3.1,26,0,accept,3.5,4
1310,323,168,155,110,3.52,5,2,accept,4,4.5
1311,316,162,154,110,3.82,16,3,accept,4,4.5
1312,320,165,155,0,2.7,22,3,accept,4,3
1313,313,163,150,106,3.42,0,1,accept,3.5,2
1314,316,164,152,110,3.04,0,0,accept,3.5,2.5
1315,315,164,151,104,2.97,2,0,accept,4,3
1316,316,162,154,114,3.38,0,0,accept,4,3
1317,321,167,154,113,3.54,2,2,accept,4,3
1318,321,168,153,106,3.4,0,0,accept,3.5,3
1319,334,170,164,117,3.28,0,3,accept,3,2
1320,318,164,154,0,3.26,16,0,accept,3,2
1321,316,159,157,110,3.36,36,0,accept,5,5
1322,316,164,152,0,3.6,22,3,accept,5,4.5
1323,322,169,153,110,3.16,52,0,accept,4,3.5
1324,316,162,154,110,3.81,16,3,accept,4.5,4.5
1325,319,161,158,110,3.64,12,0,accept,4.5,3.5
1326,320,166,154,105,3.58,4,3,accept,1.5,2.5
1327,328,170,158,113,3.18,44,0,accept,2,2
1328,325,169,156,117,3.37,2,3,accept,1.5,2
1329,323,167,156,114,2.92,4,0,accept,3,3
1330,318,165,153,102,2.93,18,2,accept,4,4
1331,320,162,158,112,3.02,28,0,accept,3,4.5
1332,315,160,155,109,3.59,2,3,accept,4,4
1333,320,162,158,118,2.98,14,0,accept,4,5
1334,317,165,152,0,3.34,24,3,accept,5,5
1335,316,161,155,113,3.17,26,0,accept,4,4
1336,322,167,155,112,3.17,18,3,accept,1,2
1337,316,164,152,103,3.1,6,0,accept,3,1.5
1338,324,167,157,111,2.85,40,1,accept,4,3.5
1339,316,163,153,104,3.05,8,0,accept,3.5,3
1340,315,165,150,102,2.46,29,2,accept,2.5,2.5
1341,308,162,146,104,3.07,7,0,accept,2.5,2
1342,303,152,151,100,3,24,3,accept,4.5,4
1343,319,164,155,115,2.95,24,0,accept,4.5,4
1344,310,158,152,107,2.88,19,0,accept,5,4
1345,319,163,156,114,3.05,16,0,accept,4,5
1346,334,166,168,114,2.46,0,0,accept,4.5,4
1347,319,154,165,102,2.25,0,0,accept,3.5,5
1348,314,163,151,109,2.82,0,0,accept,3,4
1349,311,166,145,98,2.15,0,0,accept,2.5,4.5
1350,299,157,142,97,2.22,0,0,accept,1.5,3.5
1351,302,155,147,109,2.9,0,0,accept,4,3
1352,310,160,150,95,3.13,0,0,accept,4,2.5
1353,312,150,162,104,2.1,0,0,accept,3,3.5
1354,309,154,155,104,3.26,0,0,accept,3,3
1355,320,163,157,108,2.92,18,0,accept,2,3
1356,321,167,154,110,2.88,13,0,accept,4,2
1357,318,166,152,113,3.19,9,0,accept,3,2
1358,323,166,157,113,1.42,6,3,accept,2,2
1359,314,152,162,112,3.24,29,0,accept,3,3
1360,322,167,155,112,3.26,18,0,accept,4,3
1361,316,163,153,108,3.33,21,0,accept,3,3
1362,316,167,149,105,3.24,0,3,accept,4,3
1363,319,162,157,105,2.9,5,3,accept,3,3.5
1364,313,158,155,103,3.32,24,2,accept,3.5,3.5
1365,314,160,154,108,3.32,29,3,accept,3,3
1366,318,162,156,101,2.55,48,0,accept,3.5,3.5
1367,311,163,148,101,2.92,28,0,accept,3.5,4
1368,320,165,155,106,2.9,22,0,accept,4.5,4
1369,304,159,145,102,2.75,36,0,accept,5,5
1370,327,168,159,114,3.37,0,0,accept,5,5
1371,316,164,152,106,2.73,20,0,accept,5,5
1372,323,161,162,114,2.81,27,0,accept,4.5,4
1373,310,154,156,103,2.34,28,3,accept,3,5
1374,313,162,151,102,2.92,27,0,accept,2,4
1375,306,154,152,102,2.91,31,2,accept,3,3
1376,309,161,148,101,3.04,16,2,accept,3,2
1377,313,164,149,101,3.44,24,0,accept,3,2
1378,313,158,155,103,3.32,15,2,accept,1.5,2
1379,311,160,151,110,3.72,24,0,accept,2,3
1380,314,167,147,100,3.68,8,3,accept,5,5
1381,316,164,152,109,3.34,18,0,accept,5,4.5
1382,318,164,154,101,3.47,0,3,accept,4,4.5
1383,319,164,155,111,2.8,20,0,accept,4.5,4.5
1384,320,167,153,104,2.8,36,0,accept,4.5,3.5
1385,317,163,154,113,2.56,21,1,accept,4.5,3.5
1386,316,168,148,113,2.85,45,0,accept,3.5,3
1387,316,158,158,119,2.99,14,2,accept,4.5,3.5
1388,317,168,149,100,2.95,46,2,accept,4.5,3.5
1389,319,163,156,104,3.04,2,0,accept,4,4
1390,319,162,157,105,3.52,21,0,accept,5,3.5
1391,316,164,152,102,2.92,0,3,accept,4,3
1392,325,168,157,112,3.3,9,3,accept,3,3
1393,311,162,149,104,3.51,0,2,accept,2,2.5
1394,313,159,154,112,3,0,0,accept,1.5,2.5
1395,316,160,156,102,3.15,40,0,accept,3,3
1396,319,160,159,117,2.83,30,0,accept,4,4
1397,312,163,149,101,3.01,22,0,accept,5,4.5
1398,329,166,163,113,2.86,30,0,accept,4,4
1399,308,156,152,99,3.04,24,0,accept,3.5,3.5
1400,312,158,154,109,3.22,4,0,accept,2.5,3
1401,310,162,148,99,2.85,24,0,accept,4,3.5
1402,314,162,152,99,3.15,7,0,accept,4.5,4
1403,319,170,149,107,3.18,20,0,accept,3.5,3
1404,317,164,153,99,3.59,25,3,accept,4,4.5
1405,314,168,146,103,3.52,2,0,accept,4.5,4.5
1406,312,160,152,108,3.6,0,0,accept,3.5,4.5
1407,313,163,150,99,2.95,7,0,accept,5,5
1408,315,162,153,108,3.16,4,0,accept,5,4
1409,313,162,151,110,2.67,3,3,accept,3,3
1410,320,163,157,115,3.04,1,0,accept,4,4
1411,320,162,158,104,3.1,1,0,accept,3.5,3.5
1412,315,166,149,107,3.76,6,0,accept,4,3.5
1413,318,166,152,112,3.29,0,0,accept,3.5,3
1414,314,161,153,107,3.13,42,3,accept,4.5,4.5
1415,309,157,152,101,3.24,13,0,accept,4,3.5
1416,322,166,156,102,3.48,19,0,accept,2,2.5
1417,314,161,153,111,3.75,26,0,accept,3,3.5
1418,324,170,154,98,2.36,0,0,accept,3,3.5
1419,311,159,152,103,3.08,1,0,accept,5,5
1420,315,162,153,108,2.58,12,0,accept,4.5,4.5
1421,318,168,150,106,3.55,15,3,accept,1.5,2.5
1422,315,165,150,100,3.33,1,0,accept,3.5,3.5
1423,316,167,149,106,3.4,7,3,accept,2.5,3
1424,320,165,155,108,3.15,2,0,accept,2,3
1425,310,163,147,100,2.45,17,3,accept,4,3
1426,314,162,152,105,3.56,0,1,accept,2.5,2
1427,325,168,157,110,3.08,19,0,accept,3.5,3
1428,316,164,152,101,3.66,0,0,accept,5,5
1429,315,162,153,109,2.7,6,3,accept,4,4.5
1430,322,168,154,111,2.92,6,0,accept,5,4.5
1431,310,159,151,101,2.4,32,0,accept,3.5,3.5
1432,313,150,163,103,3.35,38,0,accept,4,4.5
1433,309,154,155,104,3.28,0,0,accept,4,4
1434,315,161,154,110,3.26,48,0,accept,3.5,4
1435,309,160,149,101,3.05,2,2,accept,5,4
1436,317,170,147,105,2.8,3,0,accept,1.5,3
1437,307,159,148,111,2.74,40,0,accept,4.5,3
1438,313,163,150,110,3.73,36,3,accept,3.5,3.5
1439,314,155,159,105,3.39,36,0,accept,4,3
1440,317,165,152,108,3.07,0,1,accept,4.5,3.5
1441,317,165,152,107,3.1,0,0,accept,4,3.5
1442,315,152,163,105,2.1,25,3,accept,4.5,4
1443,315,170,145,108,2.9,2,0,accept,3,3.5
1444,315,162,153,100,3.3,60,0,accept,2,2.5
1445,326,165,161,112,2.55,23,0,accept,2,2.5
1446,317,162,155,110,3.17,5,3,accept,3,3
1447,315,160,155,104,2.35,12,3,accept,4,3.5
1448,319,168,151,106,3.49,7,3,accept,3.5,3
1449,315,164,151,110,3.3,22,0,accept,4,4
1450,309,157,152,103,2.8,67,0,accept,5,5
1451,320,150,170,107,3.28,17,3,accept,5,5
1452,324,168,156,110,3.36,2,0,accept,3,4
1453,319,160,159,107,3.48,13,0,accept,3,3.5
1454,310,160,150,99,2.55,48,0,accept,3,3
1455,303,154,149,109,3,0,3,accept,2,2.5
1456,309,158,151,102,3.22,17,0,accept,2,2.5
1457,321,167,154,112,3.24,12,0,accept,2,2.5
1458,318,163,155,101,2.88,4,3,accept,1.5,2
1459,310,161,149,103,2.38,24,0,accept,1.5,2
1460,307,159,148,99,2.73,15,0,accept,1.5,3
1461,309,163,146,104,2.64,32,0,accept,3,3
1462,320,167,153,103,3.38,40,0,accept,3.5,3
1463,329,167,162,117,3.47,2,0,accept,4.5,4
1464,317,164,153,107,2.81,20,0,accept,4.5,4
1465,317,165,152,111,3.79,24,0,accept,3.5,5
1466,312,162,150,109,2.65,36,0,accept,2,3
1467,318,167,151,111,2.48,35,0,accept,2,4
1468,321,166,155,117,3.48,0,0,accept,2.5,3
1469,307,155,152,75,2.98,27,0,accept,2.5,3.5
1470,311,160,151,109,3.07,0,0,accept,4,4.5
1471,324,168,156,107,3.27,7,0,accept,4,5
1472,317,168,149,102,3.26,1,0,accept,4,4.5
1473,316,167,149,109,3.09,0,2,accept,4,4
1474,313,167,146,111,2.76,30,1,accept,4.5,3.5
1475,300,151,149,102,2.4,42,0,accept,4.5,4.5
1476,311,162,149,100,2.69,30,1,accept,3.5,3.5
1477,319,165,154,109,3.16,5,0,accept,2.5,3
1478,311,167,144,101,3.02,12,0,accept,3,3
1479,312,157,155,109,2.8,30,0,accept,3.5,3
1480,306,163,143,101,3.3,19,0,accept,2.5,2.5
1481,305,160,145,107,3.24,14,0,accept,3,3.5
1482,316,166,150,106,3.2,15,3,accept,4,4
1483,309,163,146,101,3.15,25,0,accept,2.5,4
1484,319,162,157,108,2.68,0,0,accept,4.5,4.5
1485,306,157,149,101,1.38,1,0,accept,3.5,3
1486,310,162,148,102,2.59,30,1,accept,4.5,3.5
1487,312,159,153,102,2.3,0,0,accept,4.5,3.5
1488,307,158,149,105,2.96,48,1,accept,5,5
1489,307,158,149,107,3.06,22,0,accept,4.5,4
1490,314,162,152,107,2.4,9,0,accept,4,5
1491,313,167,146,100,2.97,13,0,accept,4.5,4
1492,329,166,163,102,2.86,30,0,accept,4.5,5
1493,300,151,149,105,2.9,42,0,accept,3.5,3
1494,313,166,147,106,2.7,0,2,accept,3,3.5
1495,312,161,151,109,3.04,4,0,accept,3,2.5
1496,317,164,153,112,3.28,0,3,accept,3.5,2.5
1497,314,163,151,106,2.3,24,0,accept,4.5,4.5
1498,312,163,149,101,2.95,21,0,accept,4,4.5
1499,312,160,152,109,2.65,9,0,accept,2.5,3
1500,306,158,148,98,2.5,3,3,accept,3.5,3
1501,313,165,148,101,2.56,50,0,accept,4.5,4.5
1502,322,170,152,110,2.67,24,3,accept,4,5
1503,319,161,158,118,2.33,0,0,accept,3.5,4
1504,309,158,151,75,3.27,11,0,accept,2.5,3
1505,309,165,144,75,3.54,0,0,accept,3.5,3
1506,314,159,155,109,2.95,40,0,accept,3.5,4
1507,312,165,147,107,3.47,31,0,accept,3,3
1508,318,167,151,103,3.38,18,3,accept,3.5,4
1509,326,165,161,115,2.71,0,3,accept,4.5,4
1510,315,156,159,110,2.95,0,0,accept,5,4
1511,305,158,147,99,2.84,0,3,accept,5,5
1512,321,167,154,108,3.44,2,0,accept,5,4.5
1513,320,167,153,101,2.89,0,0,accept,4.5,5
1514,322,170,152,110,3.48,0,0,accept,5,4.5
1515,315,164,151,105,3.16,9,0,accept,4.5,4.5
1516,317,167,150,99,2.6,9,3,accept,4,4
1517,317,165,152,101,2.3,0,0,accept,3,3.5
1518,309,160,149,100,2.4,30,2,accept,3.5,3.5
1519,312,162,150,104,3.44,20,3,accept,4,4
1520,310,157,153,104,3.3,30,0,accept,3.5,4
1521,319,166,153,113,2.64,24,0,accept,4.5,4
1522,314,164,150,108,3.38,3,3,accept,3,4
1523,319,170,149,102,3.24,33,0,accept,3,2
1524,289,147,142,92,2.3,60,0,accept,2.5,2.5
1525,309,157,152,98,3.61,28,0,accept,3.5,4
1526,305,162,143,103,3.6,4,3,accept,3.5,3
1527,315,162,153,104,3.48,24,0,accept,4,3.5
1528,322,170,152,111,3.15,22,0,accept,3,3
1529,298,152,146,101,2.25,10,0,accept,4,4.5
1530,324,170,154,105,3.31,10,0,accept,3.5,2.5
1531,331,167,164,112,2.62,32,3,accept,2.5,3.5
1532,319,164,155,103,2.45,9,0,accept,2.5,3.5
1533,314,162,152,108,2.6,30,0,accept,5,4
1534,320,170,150,104,2.65,0,0,accept,4.5,4
1535,324,170,154,101,3.08,24,3,accept,4,4.5
1536,313,165,148,103,3.16,10,3,accept,4.5,5
1537,315,167,148,99,2.8,0,3,accept,2,3.5
1538,322,166,156,113,3,30,3,accept,1.5,2
1539,318,164,154,101,2.73,40,0,accept,2.5,3
1540,313,160,153,111,3.1,36,0,accept,2.5,2
1541,311,162,149,108,3.34,0,0,accept,3.5,3
1542,317,165,152,101,3.2,10,0,accept,3.5,3
1543,316,164,152,101,3.56,36,0,accept,2.5,4
1544,320,165,155,105,2.3,39,1,accept,4,2.5
1545,311,161,150,103,3.03,10,3,accept,3,3.5
1546,316,166,150,108,3.24,24,3,accept,2.5,3.5
1547,317,164,153,104,2.9,28,0,accept,3.5,4
1548,326,168,158,110,3.24,0,2,accept,3.5,4
1549,316,170,146,105,3.08,36,3,accept,3,2.5
1550,323,165,158,112,3.4,60,0,accept,2.5,3
1551,302,156,146,100,2.23,30,0,accept,2.5,3.5
1552,316,167,149,100,3.28,0,1,accept,4.5,4.5
1553,312,160,152,102,3,16,0,accept,4,5
1554,305,159,146,102,2.75,0,3,accept,4,4.5
1555,313,163,150,93,3.13,12,0,accept,4,4
1556,323,167,156,107,2.45,22,3,accept,4,5
1557,315,153,162,102,2.86,48,3,accept,5,5
1558,321,169,152,113,2.75,1,3,accept,5,4.5
1559,310,166,144,101,3.15,20,0,accept,5,3.5
1560,306,160,146,100,3.2,30,3,accept,3.5,4
1561,311,167,144,100,3.08,7,0,accept,2.5,4
1562,307,161,146,102,3.64,30,0,accept,2.5,1.5
1563,317,165,152,107,3.65,0,3,accept,3,2.5
1564,320,168,152,102,3.2,30,0,accept,2.5,2.5
1565,316,161,155,108,3.51,0,0,accept,2,2.5
1566,323,166,157,117,3.68,10,3,accept,3,3.5
1567,319,167,152,113,3.66,2,3,accept,4.5,5
1568,323,166,157,117,3.68,0,3,accept,4.5,5
1569,320,166,154,114,3,10,2,accept,2.5,3
1570,306,163,143,98,2.25,30,0,accept,1.5,2
1571,322,167,155,104,3.2,10,0,accept,1.5,1.5
1572,323,170,153,106,2.8,18,0,accept,1,1.5
1573,324,170,154,102,2.53,0,1,accept,2,2.5
1574,318,160,158,112,3.14,0,0,accept,3.5,3
1575,312,161,151,108,3.42,0,0,accept,5,4.5
1576,309,159,150,100,2.75,30,3,accept,2.5,3
1577,309,159,150,103,3.1,0,1,accept,3,3.5
1578,326,168,158,108,3.45,30,0,accept,3,4
1579,317,168,149,104,3.05,20,2,accept,4.5,4
1580,317,162,155,110,2.6,0,0,accept,4,4.5
1581,320,164,156,113,2.75,0,0,accept,4,3.5
1582,316,164,152,104,2.6,30,3,accept,2.5,3
1583,326,162,164,117,3.2,20,3,accept,5,4.5
1584,310,165,145,101,3.01,6,2,accept,4,4
1585,314,164,150,100,2.35,0,1,accept,4.5,4
1586,307,161,146,101,2.29,0,0,accept,5,4.5
1587,308,164,144,100,2.75,0,0,accept,5,5
1588,311,161,150,106,2.4,20,0,accept,4,3.5
1589,314,165,149,100,2.9,0,2,accept,2.5,3
1590,315,162,153,110,3.15,0,0,accept,1.5,2
1591,322,164,158,113,2.68,0,0,accept,1,2
1592,311,162,149,111,3.02,20,0,accept,3.5,3
1593,318,163,155,108,2.55,10,0,accept,2.5,2
1594,327,164,163,117,2.6,20,0,accept,3,2.5
1595,306,156,150,113,2.59,0,0,accept,3.5,3.5
1596,314,163,151,109,3.64,30,0,accept,4,4.5
1597,314,158,156,106,3.58,30,2,accept,4.5,4.5
1598,308,159,149,108,2.97,20,0,accept,3,3.5
1599,317,162,155,111,2.6,10,0,accept,2.5,2.5
1600,322,167,155,106,2.7,0,0,accept,2.5,3
1601,316,161,155,102,2.6,20,2,accept,3,3
1602,314,158,156,107,3.35,20,0,accept,3.5,3.5
1603,315,163,152,110,2.85,30,3,accept,2.5,2
1604,313,161,152,114,3.24,30,3,accept,3.5,3.5
1605,308,157,151,99,3.23,30,0,accept,4,3.5
1606,304,155,149,106,3.41,27,0,accept,4,4
1607,317,165,152,103,3.68,30,0,accept,3.5,3
1608,309,155,154,106,2.61,30,0,accept,3.5,3
1609,324,162,162,85,3.18,30,0,accept,3,3.5
1610,309,157,152,103,3.4,30,0,accept,4.5,4
1611,316,165,151,96,1.97,30,0,accept,4.5,4.5
1612,312,163,149,101,3.02,30,0,accept,3.5,3
1613,313,164,149,105,3.22,30,0,accept,3,4
1614,317,165,152,110,2.86,36,0,accept,2.5,3
1615,313,165,148,104,3.32,30,0,accept,1.5,2
1616,318,167,151,100,2.7,0,0,accept,1,2.5
1617,310,160,150,103,2.7,0,0,accept,2.5,2
1618,317,164,153,108,2.65,0,0,accept,3.5,3
1619,301,158,143,101,2.65,0,0,accept,4,3.5
1620,311,161,150,105,2.56,0,0,accept,4,4
1621,315,165,150,100,3.36,0,0,accept,2.5,4
1622,316,161,155,111,2.6,0,0,accept,2,2.5
1623,305,159,146,92,1.9,0,0,accept,3,2.5
1624,310,158,152,100,1.95,0,0,accept,3.5,4
1625,315,163,152,100,2.92,20,0,accept,2,2
1626,307,156,151,94,2.05,10,0,accept,2.5,2
1627,322,164,158,108,3.42,10,0,accept,4,3.5
1628,315,152,163,106,2.75,0,0,accept,2.5,1.5
1629,308,163,145,103,2.5,0,0,accept,3.5,3
1630,321,167,154,101,2.8,0,0,accept,3,2
1631,303,158,145,110,2.95,0,0,accept,3.5,2.5
1632,314,162,152,106,2.35,0,0,accept,3,3.5
1633,309,159,150,103,2.45,0,0,accept,4.5,4
1634,306,160,146,101,3.39,0,0,accept,4,4.5
1635,306,159,147,106,2.6,0,0,accept,3,2.5
1636,317,168,149,108,2.5,0,0,accept,5,5
1637,310,165,145,98,2.9,0,3,accept,4,4
1638,309,163,146,106,2.8,0,0,accept,3.5,4
1639,308,163,145,100,3.33,0,0,accept,3,3
1640,309,161,148,102,3.62,0,0,accept,3.5,3.5
1641,314,164,150,106,3.2,10,3,accept,3,3
1642,325,166,159,107,2.9,10,0,accept,2.5,3.5
1643,316,165,151,113,2.8,10,0,accept,1.5,2
1644,319,160,159,109,2.75,10,3,accept,1.5,2
1645,320,163,157,116,3.39,6,0,accept,1.5,2
1646,317,162,155,107,2.8,7,3,accept,1,1
1647,304,156,148,70,2.5,20,0,accept,2,2
1648,304,155,149,99,2.76,20,0,accept,2.5,3
1649,304,157,147,102,3.82,0,0,accept,3,3.5
1650,315,165,150,98,1.95,30,3,accept,3.5,4
1651,322,162,160,112,2.5,20,3,accept,3,3.5
1652,318,166,152,111,3.32,30,2,accept,5,5
